Timestamp,PID,Name,CPU (%),Memory (GB),LLM Model
2025-04-09 13:19:55,5652,ollama.exe,0.0,0.025424957275390625,
2025-04-09 13:19:55,15508,ollama app.exe,0.0,0.022533416748046875,
2025-04-09 13:19:56,5652,ollama.exe,0.0,0.025424957275390625,
2025-04-09 13:19:56,15508,ollama app.exe,0.0,0.022533416748046875,
2025-04-09 13:19:57,5652,ollama.exe,0.0,0.025424957275390625,
2025-04-09 13:19:58,15508,ollama app.exe,0.0,0.022533416748046875,
2025-04-09 13:19:59,5652,ollama.exe,0.0,0.025424957275390625,
2025-04-09 13:19:59,15508,ollama app.exe,0.0,0.022533416748046875,
2025-04-09 13:20:00,5652,ollama.exe,0.0,0.025424957275390625,
2025-04-09 13:20:00,15508,ollama app.exe,0.0,0.022533416748046875,
2025-04-09 13:20:01,5652,ollama.exe,0.0,0.025424957275390625,
2025-04-09 13:20:02,15508,ollama app.exe,0.0,0.022533416748046875,
2025-04-09 13:20:03,5652,ollama.exe,0.0,0.025424957275390625,
2025-04-09 13:20:03,15508,ollama app.exe,0.0,0.022533416748046875,
2025-04-09 13:20:04,5652,ollama.exe,0.0,0.025424957275390625,
2025-04-09 13:20:04,15508,ollama app.exe,0.0,0.022533416748046875,
2025-04-09 13:20:05,5652,ollama.exe,0.0,0.025424957275390625,
2025-04-09 13:20:06,15508,ollama app.exe,0.0,0.022533416748046875,
2025-04-09 13:20:07,5652,ollama.exe,0.0,0.025424957275390625,
2025-04-09 13:20:07,15508,ollama app.exe,0.0,0.022533416748046875,
2025-04-09 13:20:08,5652,ollama.exe,0.0,0.025424957275390625,
2025-04-09 13:20:08,15508,ollama app.exe,0.0,0.022533416748046875,
2025-04-09 13:20:09,5652,ollama.exe,0.0,0.025424957275390625,
2025-04-09 13:20:10,15508,ollama app.exe,0.0,0.022533416748046875,
2025-04-09 13:20:11,5652,ollama.exe,0.0,0.025424957275390625,
2025-04-09 13:20:11,15508,ollama app.exe,0.0,0.022533416748046875,
2025-04-09 13:20:12,5652,ollama.exe,0.0,0.025424957275390625,
2025-04-09 13:20:12,15508,ollama app.exe,0.0,0.022533416748046875,
2025-04-09 13:20:14,5652,ollama.exe,0.0,0.025424957275390625,
2025-04-09 13:20:14,15508,ollama app.exe,0.0,0.022533416748046875,
2025-04-09 13:20:15,5652,ollama.exe,0.0,0.025424957275390625,
2025-04-09 13:20:15,15508,ollama app.exe,0.0,0.022533416748046875,
2025-04-09 13:20:16,5652,ollama.exe,0.0,0.025424957275390625,
2025-04-09 13:20:16,15508,ollama app.exe,0.0,0.022533416748046875,
2025-04-09 13:20:18,5652,ollama.exe,0.0,0.025424957275390625,
2025-04-09 13:20:18,15508,ollama app.exe,0.0,0.022533416748046875,
2025-04-09 13:20:19,5652,ollama.exe,0.0,0.025424957275390625,
2025-04-09 13:20:19,15508,ollama app.exe,0.0,0.022533416748046875,
2025-04-09 13:20:20,5652,ollama.exe,0.0,0.025424957275390625,
2025-04-09 13:20:20,15508,ollama app.exe,0.0,0.022533416748046875,
2025-04-09 13:20:22,5652,ollama.exe,0.0,0.025424957275390625,
2025-04-09 13:20:22,15508,ollama app.exe,0.0,0.022533416748046875,
2025-04-09 13:20:23,5652,ollama.exe,0.0,0.025424957275390625,
2025-04-09 13:20:23,15508,ollama app.exe,0.0,0.022533416748046875,
2025-04-09 13:20:24,5652,ollama.exe,0.0,0.025424957275390625,
2025-04-09 13:20:25,15508,ollama app.exe,0.0,0.022533416748046875,
2025-04-09 13:20:26,5652,ollama.exe,0.0,0.025424957275390625,
2025-04-09 13:20:26,15508,ollama app.exe,0.0,0.022533416748046875,
2025-04-09 13:20:27,5652,ollama.exe,16.1,0.03502655029296875,llama2
2025-04-09 13:20:27,15508,ollama app.exe,0.0,0.022533416748046875,llama2
2025-04-09 13:20:28,5652,ollama.exe,1.1,0.0355987548828125,llama2
2025-04-09 13:20:29,8072,ollama.exe,0.0,0.15880966186523438,llama2
2025-04-09 13:20:29,15508,ollama app.exe,0.0,0.022533416748046875,llama2
2025-04-09 13:20:30,5652,ollama.exe,0.0,0.03560638427734375,llama2
2025-04-09 13:20:30,8072,ollama.exe,11.6,0.3025321960449219,llama2
2025-04-09 13:20:30,15508,ollama app.exe,0.0,0.022533416748046875,llama2
2025-04-09 13:20:31,5652,ollama.exe,0.0,0.035610198974609375,llama2
2025-04-09 13:20:31,8072,ollama.exe,9.2,0.4437675476074219,llama2
2025-04-09 13:20:31,15508,ollama app.exe,0.0,0.022533416748046875,llama2
2025-04-09 13:20:33,5652,ollama.exe,0.0,0.035617828369140625,llama2
2025-04-09 13:20:33,8072,ollama.exe,8.1,0.5970306396484375,llama2
2025-04-09 13:20:33,15508,ollama app.exe,0.0,0.022533416748046875,llama2
2025-04-09 13:20:34,5652,ollama.exe,0.0,0.03562164306640625,llama2
2025-04-09 13:20:34,8072,ollama.exe,10.3,0.7531089782714844,llama2
2025-04-09 13:20:34,15508,ollama app.exe,0.0,0.022533416748046875,llama2
2025-04-09 13:20:35,5652,ollama.exe,2.3,0.0356292724609375,llama2
2025-04-09 13:20:35,8072,ollama.exe,10.3,0.9152603149414062,llama2
2025-04-09 13:20:35,15508,ollama app.exe,0.0,0.022533416748046875,llama2
2025-04-09 13:20:37,5652,ollama.exe,0.0,0.0356292724609375,llama2
2025-04-09 13:20:37,8072,ollama.exe,14.9,1.0537490844726562,llama2
2025-04-09 13:20:37,15508,ollama app.exe,0.0,0.022533416748046875,llama2
2025-04-09 13:20:38,5652,ollama.exe,0.0,0.035640716552734375,llama2
2025-04-09 13:20:38,8072,ollama.exe,9.4,1.2097854614257812,llama2
2025-04-09 13:20:38,15508,ollama app.exe,0.0,0.022533416748046875,llama2
2025-04-09 13:20:39,5652,ollama.exe,0.0,0.035640716552734375,llama2
2025-04-09 13:20:39,8072,ollama.exe,10.2,1.3631095886230469,llama2
2025-04-09 13:20:39,15508,ollama app.exe,0.0,0.022533416748046875,llama2
2025-04-09 13:20:41,5652,ollama.exe,0.0,0.035640716552734375,llama2
2025-04-09 13:20:41,8072,ollama.exe,8.0,1.5279808044433594,llama2
2025-04-09 13:20:41,15508,ollama app.exe,0.0,0.022533416748046875,llama2
2025-04-09 13:20:42,5652,ollama.exe,0.0,0.03564453125,llama2
2025-04-09 13:20:42,8072,ollama.exe,11.5,1.6812629699707031,llama2
2025-04-09 13:20:42,15508,ollama app.exe,0.0,0.022533416748046875,llama2
2025-04-09 13:20:43,5652,ollama.exe,1.1,0.035663604736328125,llama2
2025-04-09 13:20:43,8072,ollama.exe,12.2,1.8225059509277344,llama2
2025-04-09 13:20:44,15508,ollama app.exe,0.0,0.022533416748046875,llama2
2025-04-09 13:20:45,5652,ollama.exe,0.0,0.035671234130859375,llama2
2025-04-09 13:20:45,8072,ollama.exe,9.1,1.9758338928222656,llama2
2025-04-09 13:20:45,15508,ollama app.exe,0.0,0.022533416748046875,llama2
2025-04-09 13:20:46,5652,ollama.exe,0.0,0.035694122314453125,llama2
2025-04-09 13:20:46,8072,ollama.exe,13.8,2.1319007873535156,llama2
2025-04-09 13:20:46,15508,ollama app.exe,0.0,0.022533416748046875,llama2
2025-04-09 13:20:48,5652,ollama.exe,1.1,0.03570556640625,llama2
2025-04-09 13:20:48,8072,ollama.exe,10.2,2.2939529418945312,llama2
2025-04-09 13:20:48,15508,ollama app.exe,0.0,0.022533416748046875,llama2
2025-04-09 13:20:49,5652,ollama.exe,0.0,0.03571319580078125,llama2
2025-04-09 13:20:49,8072,ollama.exe,10.5,2.432476043701172,llama2
2025-04-09 13:20:49,15508,ollama app.exe,0.0,0.022533416748046875,llama2
2025-04-09 13:20:50,5652,ollama.exe,0.0,0.03572845458984375,llama2
2025-04-09 13:20:50,8072,ollama.exe,12.5,2.5885467529296875,llama2
2025-04-09 13:20:50,15508,ollama app.exe,0.0,0.022533416748046875,llama2
2025-04-09 13:20:52,5652,ollama.exe,1.1,0.03572845458984375,llama2
2025-04-09 13:20:52,8072,ollama.exe,8.1,2.741802215576172,llama2
2025-04-09 13:20:52,15508,ollama app.exe,0.0,0.022533416748046875,llama2
2025-04-09 13:20:53,5652,ollama.exe,1.1,0.035732269287109375,llama2
2025-04-09 13:20:53,8072,ollama.exe,9.0,2.9066734313964844,llama2
2025-04-09 13:20:53,15508,ollama app.exe,0.0,0.022533416748046875,llama2
2025-04-09 13:20:54,5652,ollama.exe,0.0,0.03574371337890625,llama2
2025-04-09 13:20:54,8072,ollama.exe,9.4,3.0599937438964844,llama2
2025-04-09 13:20:54,15508,ollama app.exe,0.0,0.022533416748046875,llama2
2025-04-09 13:20:56,5652,ollama.exe,1.1,0.035747528076171875,llama2
2025-04-09 13:20:56,8072,ollama.exe,13.6,3.192657470703125,llama2
2025-04-09 13:20:56,15508,ollama app.exe,0.0,0.022533416748046875,llama2
2025-04-09 13:20:57,5652,ollama.exe,0.0,0.03578948974609375,llama2
2025-04-09 13:20:57,8072,ollama.exe,11.8,3.354534149169922,llama2
2025-04-09 13:20:57,15508,ollama app.exe,0.0,0.022533416748046875,llama2
2025-04-09 13:20:58,5652,ollama.exe,0.0,0.035797119140625,llama2
2025-04-09 13:20:58,8072,ollama.exe,11.5,3.5018157958984375,llama2
2025-04-09 13:20:58,15508,ollama app.exe,0.0,0.022533416748046875,llama2
2025-04-09 13:21:00,5652,ollama.exe,1.1,0.035846710205078125,llama2
2025-04-09 13:21:00,8072,ollama.exe,44.6,5.367835998535156,llama2
2025-04-09 13:21:00,15508,ollama app.exe,0.0,0.022533416748046875,llama2
2025-04-09 13:21:47,5652,ollama.exe,0.0,0.0359039306640625,llama2
2025-04-09 13:21:50,8072,ollama.exe,581.8,7.613208770751953,llama2
2025-04-09 13:21:55,15508,ollama app.exe,0.0,0.022533416748046875,llama2
2025-04-09 13:22:05,5652,ollama.exe,0.0,0.036022186279296875,llama2
2025-04-09 13:22:06,8072,ollama.exe,585.8,7.613227844238281,llama2
2025-04-09 13:22:11,15508,ollama app.exe,0.0,0.022533416748046875,llama2
2025-04-09 13:22:17,5652,ollama.exe,0.0,0.036022186279296875,llama2
2025-04-09 13:22:17,8072,ollama.exe,583.9,7.613227844238281,llama2
2025-04-09 13:22:17,15508,ollama app.exe,0.0,0.022533416748046875,llama2
2025-04-09 13:22:24,5652,ollama.exe,0.0,0.036022186279296875,llama2
2025-04-09 13:22:28,8072,ollama.exe,584.7,7.613227844238281,llama2
2025-04-09 13:22:31,15508,ollama app.exe,0.0,0.022533416748046875,llama2
2025-04-09 13:22:35,5652,ollama.exe,0.0,0.036128997802734375,mistral
2025-04-09 13:22:35,8072,ollama.exe,572.0,7.613674163818359,mistral
2025-04-09 13:22:35,15508,ollama app.exe,0.0,0.022533416748046875,mistral
2025-04-09 13:22:36,5652,ollama.exe,8.0,0.041080474853515625,mistral
2025-04-09 13:22:37,8072,ollama.exe,0.0,7.613674163818359,mistral
2025-04-09 13:22:37,13808,ollama.exe,0.0,0.2003021240234375,mistral
2025-04-09 13:22:37,15508,ollama app.exe,0.0,0.022533416748046875,mistral
2025-04-09 13:22:38,5652,ollama.exe,0.0,0.04108428955078125,mistral
2025-04-09 13:22:38,8072,ollama.exe,0.0,7.613674163818359,mistral
2025-04-09 13:22:38,13808,ollama.exe,10.5,0.3234138488769531,mistral
2025-04-09 13:22:38,15508,ollama app.exe,0.0,0.022533416748046875,mistral
2025-04-09 13:22:39,5652,ollama.exe,0.0,0.04108428955078125,mistral
2025-04-09 13:22:39,8072,ollama.exe,0.0,7.613674163818359,mistral
2025-04-09 13:22:39,13808,ollama.exe,9.4,0.4816246032714844,mistral
2025-04-09 13:22:39,15508,ollama app.exe,0.0,0.022533416748046875,mistral
2025-04-09 13:22:40,5652,ollama.exe,0.0,0.04108428955078125,mistral
2025-04-09 13:22:41,8072,ollama.exe,0.0,7.613674163818359,mistral
2025-04-09 13:22:41,13808,ollama.exe,8.0,0.626708984375,mistral
2025-04-09 13:22:41,15508,ollama app.exe,0.0,0.022533416748046875,mistral
2025-04-09 13:22:42,5652,ollama.exe,1.2,0.04108428955078125,mistral
2025-04-09 13:22:42,8072,ollama.exe,0.0,7.613674163818359,mistral
2025-04-09 13:22:42,13808,ollama.exe,10.5,0.7805824279785156,mistral
2025-04-09 13:22:42,15508,ollama app.exe,0.0,0.022533416748046875,mistral
2025-04-09 13:22:43,5652,ollama.exe,0.0,0.041088104248046875,mistral
2025-04-09 13:22:43,8072,ollama.exe,0.0,7.613674163818359,mistral
2025-04-09 13:22:43,13808,ollama.exe,10.6,0.9387855529785156,mistral
2025-04-09 13:22:43,15508,ollama app.exe,0.0,0.022533416748046875,mistral
2025-04-09 13:22:44,5652,ollama.exe,0.0,0.041095733642578125,mistral
2025-04-09 13:22:45,8072,ollama.exe,0.0,7.613674163818359,mistral
2025-04-09 13:22:45,13808,ollama.exe,10.6,1.0838699340820312,mistral
2025-04-09 13:22:45,15508,ollama app.exe,0.0,0.022533416748046875,mistral
2025-04-09 13:22:46,5652,ollama.exe,1.2,0.041095733642578125,mistral
2025-04-09 13:22:46,8072,ollama.exe,0.0,7.613674163818359,mistral
2025-04-09 13:22:46,13808,ollama.exe,11.5,1.2377433776855469,mistral
2025-04-09 13:22:46,15508,ollama app.exe,0.0,0.022533416748046875,mistral
2025-04-09 13:22:47,5652,ollama.exe,0.0,0.04109954833984375,mistral
2025-04-09 13:22:47,8072,ollama.exe,0.0,7.613674163818359,mistral
2025-04-09 13:22:47,13808,ollama.exe,6.9,1.3959541320800781,mistral
2025-04-09 13:22:47,15508,ollama app.exe,0.0,0.022533416748046875,mistral
2025-04-09 13:22:49,5652,ollama.exe,0.0,0.041103363037109375,mistral
2025-04-09 13:22:49,8072,ollama.exe,0.0,7.613674163818359,mistral
2025-04-09 13:22:49,13808,ollama.exe,12.9,1.5410385131835938,mistral
2025-04-09 13:22:49,15508,ollama app.exe,0.0,0.022533416748046875,mistral
2025-04-09 13:22:50,5652,ollama.exe,0.0,0.041107177734375,mistral
2025-04-09 13:22:50,8072,ollama.exe,0.0,7.613674163818359,mistral
2025-04-09 13:22:50,13808,ollama.exe,12.8,1.6949081420898438,mistral
2025-04-09 13:22:50,15508,ollama app.exe,0.0,0.022533416748046875,mistral
2025-04-09 13:22:51,5652,ollama.exe,0.0,0.041107177734375,mistral
2025-04-09 13:22:51,8072,ollama.exe,0.0,7.613674163818359,mistral
2025-04-09 13:22:51,13808,ollama.exe,7.7,1.8531303405761719,mistral
2025-04-09 13:22:51,15508,ollama app.exe,0.0,0.022533416748046875,mistral
2025-04-09 13:22:53,5652,ollama.exe,0.0,0.041107177734375,mistral
2025-04-09 13:22:53,8072,ollama.exe,0.0,7.613674163818359,mistral
2025-04-09 13:22:53,13808,ollama.exe,8.1,2.028972625732422,mistral
2025-04-09 13:22:53,15508,ollama app.exe,0.0,0.022533416748046875,mistral
2025-04-09 13:22:54,5652,ollama.exe,0.0,0.041107177734375,mistral
2025-04-09 13:22:54,8072,ollama.exe,0.0,7.613674163818359,mistral
2025-04-09 13:22:54,13808,ollama.exe,10.6,2.1543006896972656,mistral
2025-04-09 13:22:54,15508,ollama app.exe,0.0,0.022533416748046875,mistral
2025-04-09 13:22:55,5652,ollama.exe,1.2,0.041107177734375,mistral
2025-04-09 13:22:55,8072,ollama.exe,0.0,7.613674163818359,mistral
2025-04-09 13:22:55,13808,ollama.exe,9.4,2.310314178466797,mistral
2025-04-09 13:22:55,15508,ollama app.exe,0.0,0.022533416748046875,mistral
2025-04-09 13:22:57,5652,ollama.exe,0.0,0.041107177734375,mistral
2025-04-09 13:22:57,8072,ollama.exe,0.0,7.613674163818359,mistral
2025-04-09 13:22:57,13808,ollama.exe,12.8,2.4861679077148438,mistral
2025-04-09 13:22:57,15508,ollama app.exe,0.0,0.022533416748046875,mistral
2025-04-09 13:22:58,5652,ollama.exe,0.0,0.041107177734375,mistral
2025-04-09 13:22:58,8072,ollama.exe,0.0,7.613674163818359,mistral
2025-04-09 13:22:58,13808,ollama.exe,6.9,2.611480712890625,mistral
2025-04-09 13:22:58,15508,ollama app.exe,0.0,0.022533416748046875,mistral
2025-04-09 13:22:59,5652,ollama.exe,1.1,0.041107177734375,mistral
2025-04-09 13:22:59,8072,ollama.exe,0.0,7.613674163818359,mistral
2025-04-09 13:22:59,13808,ollama.exe,10.5,2.7674942016601562,mistral
2025-04-09 13:22:59,15508,ollama app.exe,0.0,0.022533416748046875,mistral
2025-04-09 13:23:01,5652,ollama.exe,0.0,0.041107177734375,mistral
2025-04-09 13:23:01,8072,ollama.exe,0.0,7.613674163818359,mistral
2025-04-09 13:23:01,13808,ollama.exe,11.6,2.9433517456054688,mistral
2025-04-09 13:23:01,15508,ollama app.exe,0.0,0.022533416748046875,mistral
2025-04-09 13:23:02,5652,ollama.exe,0.0,0.041107177734375,mistral
2025-04-09 13:23:02,8072,ollama.exe,0.0,7.613674163818359,mistral
2025-04-09 13:23:02,13808,ollama.exe,11.6,3.0664634704589844,mistral
2025-04-09 13:23:02,15508,ollama app.exe,0.0,0.022533416748046875,mistral
2025-04-09 13:23:03,5652,ollama.exe,1.2,0.041107177734375,mistral
2025-04-09 13:23:03,8072,ollama.exe,0.0,7.613674163818359,mistral
2025-04-09 13:23:03,13808,ollama.exe,6.0,3.2246742248535156,mistral
2025-04-09 13:23:03,15508,ollama app.exe,0.0,0.022533416748046875,mistral
2025-04-09 13:23:05,5652,ollama.exe,1.2,0.041107177734375,mistral
2025-04-09 13:23:05,8072,ollama.exe,0.0,7.613674163818359,mistral
2025-04-09 13:23:05,13808,ollama.exe,9.2,3.4005393981933594,mistral
2025-04-09 13:23:05,15508,ollama app.exe,0.0,0.022533416748046875,mistral
2025-04-09 13:23:06,5652,ollama.exe,0.0,0.041107177734375,mistral
2025-04-09 13:23:06,8072,ollama.exe,0.0,7.613674163818359,mistral
2025-04-09 13:23:06,13808,ollama.exe,11.8,3.523681640625,mistral
2025-04-09 13:23:06,15508,ollama app.exe,0.0,0.022533416748046875,mistral
2025-04-09 13:23:07,5652,ollama.exe,0.0,0.041095733642578125,mistral
2025-04-09 13:23:07,8072,ollama.exe,0.0,7.613674163818359,mistral
2025-04-09 13:23:07,13808,ollama.exe,12.9,3.681884765625,mistral
2025-04-09 13:23:07,15508,ollama app.exe,0.0,0.022533416748046875,mistral
2025-04-09 13:23:09,5652,ollama.exe,0.0,0.04109954833984375,mistral
2025-04-09 13:23:09,8072,ollama.exe,0.0,7.613674163818359,mistral
2025-04-09 13:23:09,13808,ollama.exe,7.0,3.826976776123047,mistral
2025-04-09 13:23:09,15508,ollama app.exe,0.0,0.022533416748046875,mistral
2025-04-09 13:23:12,5652,ollama.exe,0.0,0.041194915771484375,mistral
2025-04-09 13:23:50,8072,ollama.exe,0.0,7.613674163818359,mistral
2025-04-09 13:23:55,13808,ollama.exe,583.8,4.880096435546875,mistral
2025-04-09 13:23:55,15508,ollama app.exe,0.0,0.022533416748046875,mistral
2025-04-09 13:24:03,5652,ollama.exe,0.1,0.041675567626953125,mistral
2025-04-09 13:24:06,8072,ollama.exe,0.0,7.613674163818359,mistral
2025-04-09 13:24:10,13808,ollama.exe,585.5,4.880104064941406,mistral
2025-04-09 13:24:10,15508,ollama app.exe,0.0,0.022533416748046875,mistral
2025-04-09 13:24:16,5652,ollama.exe,0.0,0.041660308837890625,mistral
2025-04-09 13:24:19,8072,ollama.exe,0.0,7.613674163818359,mistral
2025-04-09 13:24:23,13808,ollama.exe,585.7,4.8801116943359375,mistral
2025-04-09 13:24:23,15508,ollama app.exe,0.0,0.022533416748046875,mistral
2025-04-09 13:24:25,5652,ollama.exe,1.7,0.045745849609375,mixtral
2025-04-09 13:24:25,8072,ollama.exe,0.0,7.613674163818359,mixtral
2025-04-09 13:24:25,13808,ollama.exe,490.9,4.880043029785156,mixtral
2025-04-09 13:24:25,15508,ollama app.exe,0.0,0.022533416748046875,mixtral
2025-04-09 13:24:27,5652,ollama.exe,0.0,0.04531097412109375,mixtral
2025-04-09 13:24:27,7136,ollama.exe,0.0,0.196197509765625,mixtral
2025-04-09 13:24:27,8072,ollama.exe,0.0,7.613674163818359,mixtral
2025-04-09 13:24:27,13808,ollama.exe,0.0,4.880043029785156,mixtral
2025-04-09 13:24:27,15508,ollama app.exe,0.0,0.022533416748046875,mixtral
2025-04-09 13:24:28,5652,ollama.exe,0.0,0.045314788818359375,mixtral
2025-04-09 13:24:28,7136,ollama.exe,9.1,0.34722900390625,mixtral
2025-04-09 13:24:28,8072,ollama.exe,0.0,7.613674163818359,mixtral
2025-04-09 13:24:28,13808,ollama.exe,0.0,4.880043029785156,mixtral
2025-04-09 13:24:28,15508,ollama app.exe,0.0,0.022533416748046875,mixtral
2025-04-09 13:24:29,5652,ollama.exe,1.1,0.045314788818359375,mixtral
2025-04-09 13:24:30,7136,ollama.exe,11.4,0.5308265686035156,mixtral
2025-04-09 13:24:30,8072,ollama.exe,0.0,7.613674163818359,mixtral
2025-04-09 13:24:30,13808,ollama.exe,0.0,4.880043029785156,mixtral
2025-04-09 13:24:30,15508,ollama app.exe,0.0,0.022533416748046875,mixtral
2025-04-09 13:24:31,5652,ollama.exe,0.0,0.045314788818359375,mixtral
2025-04-09 13:24:31,7136,ollama.exe,9.3,0.6558265686035156,mixtral
2025-04-09 13:24:31,8072,ollama.exe,0.0,7.613674163818359,mixtral
2025-04-09 13:24:31,13808,ollama.exe,0.0,4.880043029785156,mixtral
2025-04-09 13:24:31,15508,ollama app.exe,0.0,0.022533416748046875,mixtral
2025-04-09 13:24:32,5652,ollama.exe,1.2,0.045314788818359375,mixtral
2025-04-09 13:24:32,7136,ollama.exe,12.6,0.8394241333007812,mixtral
2025-04-09 13:24:32,8072,ollama.exe,0.0,7.613674163818359,mixtral
2025-04-09 13:24:32,13808,ollama.exe,0.0,4.880043029785156,mixtral
2025-04-09 13:24:32,15508,ollama app.exe,0.0,0.022533416748046875,mixtral
2025-04-09 13:24:34,5652,ollama.exe,0.0,0.045314788818359375,mixtral
2025-04-09 13:24:34,7136,ollama.exe,11.5,0.9776763916015625,mixtral
2025-04-09 13:24:34,8072,ollama.exe,0.0,7.613674163818359,mixtral
2025-04-09 13:24:34,13808,ollama.exe,0.0,4.880043029785156,mixtral
2025-04-09 13:24:34,15508,ollama app.exe,0.0,0.022533416748046875,mixtral
2025-04-09 13:24:35,5652,ollama.exe,0.0,0.045314788818359375,mixtral
2025-04-09 13:24:35,7136,ollama.exe,8.0,1.1740875244140625,mixtral
2025-04-09 13:24:35,8072,ollama.exe,0.0,7.613674163818359,mixtral
2025-04-09 13:24:35,13808,ollama.exe,0.0,4.880043029785156,mixtral
2025-04-09 13:24:35,15508,ollama app.exe,0.0,0.022533416748046875,mixtral
2025-04-09 13:24:36,5652,ollama.exe,0.0,0.045314788818359375,mixtral
2025-04-09 13:24:36,7136,ollama.exe,9.2,1.2951927185058594,mixtral
2025-04-09 13:24:36,8072,ollama.exe,0.0,7.613674163818359,mixtral
2025-04-09 13:24:36,13808,ollama.exe,0.0,4.880043029785156,mixtral
2025-04-09 13:24:36,15508,ollama app.exe,0.0,0.022533416748046875,mixtral
2025-04-09 13:24:38,5652,ollama.exe,0.0,0.045318603515625,mixtral
2025-04-09 13:24:38,7136,ollama.exe,11.4,1.4787864685058594,mixtral
2025-04-09 13:24:38,8072,ollama.exe,0.0,7.613674163818359,mixtral
2025-04-09 13:24:38,13808,ollama.exe,0.0,4.880043029785156,mixtral
2025-04-09 13:24:38,15508,ollama app.exe,0.0,0.022533416748046875,mixtral
2025-04-09 13:24:39,5652,ollama.exe,0.0,0.045318603515625,mixtral
2025-04-09 13:24:39,7136,ollama.exe,11.4,1.6662979125976562,mixtral
2025-04-09 13:24:39,8072,ollama.exe,0.0,7.613674163818359,mixtral
2025-04-09 13:24:39,13808,ollama.exe,0.0,4.880043029785156,mixtral
2025-04-09 13:24:39,15508,ollama app.exe,0.0,0.022533416748046875,mixtral
2025-04-09 13:24:40,5652,ollama.exe,2.3,0.045318603515625,mixtral
2025-04-09 13:24:40,7136,ollama.exe,8.2,1.8134307861328125,mixtral
2025-04-09 13:24:40,8072,ollama.exe,0.0,7.613674163818359,mixtral
2025-04-09 13:24:40,13808,ollama.exe,0.0,4.880043029785156,mixtral
2025-04-09 13:24:40,15508,ollama app.exe,0.0,0.022533416748046875,mixtral
2025-04-09 13:24:42,5652,ollama.exe,0.0,0.045318603515625,mixtral
2025-04-09 13:24:42,7136,ollama.exe,6.8,1.9384574890136719,mixtral
2025-04-09 13:24:42,8072,ollama.exe,0.0,7.613674163818359,mixtral
2025-04-09 13:24:42,13808,ollama.exe,0.0,4.880043029785156,mixtral
2025-04-09 13:24:42,15508,ollama app.exe,0.0,0.022533416748046875,mixtral
2025-04-09 13:24:43,5652,ollama.exe,0.0,0.045318603515625,mixtral
2025-04-09 13:24:43,7136,ollama.exe,10.3,2.122051239013672,mixtral
2025-04-09 13:24:43,8072,ollama.exe,0.0,7.613674163818359,mixtral
2025-04-09 13:24:43,13808,ollama.exe,0.0,4.880043029785156,mixtral
2025-04-09 13:24:43,15508,ollama app.exe,0.0,0.022533416748046875,mixtral
2025-04-09 13:24:44,5652,ollama.exe,1.1,0.0453338623046875,mixtral
2025-04-09 13:24:44,7136,ollama.exe,9.2,2.292102813720703,mixtral
2025-04-09 13:24:44,8072,ollama.exe,0.0,7.613674163818359,mixtral
2025-04-09 13:24:45,13808,ollama.exe,0.0,4.880043029785156,mixtral
2025-04-09 13:24:45,15508,ollama app.exe,0.0,0.022533416748046875,mixtral
2025-04-09 13:24:46,5652,ollama.exe,0.0,0.0453338623046875,mixtral
2025-04-09 13:24:46,7136,ollama.exe,9.3,2.4306678771972656,mixtral
2025-04-09 13:24:46,8072,ollama.exe,0.0,7.613674163818359,mixtral
2025-04-09 13:24:46,13808,ollama.exe,0.0,4.880043029785156,mixtral
2025-04-09 13:24:46,15508,ollama app.exe,0.0,0.022533416748046875,mixtral
2025-04-09 13:24:47,5652,ollama.exe,0.0,0.0453338623046875,mixtral
2025-04-09 13:24:47,7136,ollama.exe,12.8,2.5778236389160156,mixtral
2025-04-09 13:24:47,8072,ollama.exe,0.0,7.613674163818359,mixtral
2025-04-09 13:24:47,13808,ollama.exe,0.0,4.880043029785156,mixtral
2025-04-09 13:24:47,15508,ollama app.exe,0.0,0.022533416748046875,mixtral
2025-04-09 13:24:48,5652,ollama.exe,0.0,0.0453338623046875,mixtral
2025-04-09 13:24:49,7136,ollama.exe,11.5,2.7614288330078125,mixtral
2025-04-09 13:24:49,8072,ollama.exe,0.0,7.613674163818359,mixtral
2025-04-09 13:24:49,13808,ollama.exe,0.0,4.880043029785156,mixtral
2025-04-09 13:24:49,15508,ollama app.exe,0.0,0.022533416748046875,mixtral
2025-04-09 13:24:50,5652,ollama.exe,0.0,0.0453338623046875,mixtral
2025-04-09 13:24:50,7136,ollama.exe,8.0,2.8864288330078125,mixtral
2025-04-09 13:24:50,8072,ollama.exe,0.0,7.613674163818359,mixtral
2025-04-09 13:24:50,13808,ollama.exe,0.0,4.880043029785156,mixtral
2025-04-09 13:24:50,15508,ollama app.exe,0.0,0.022533416748046875,mixtral
2025-04-09 13:24:51,5652,ollama.exe,0.0,0.0453338623046875,mixtral
2025-04-09 13:24:51,7136,ollama.exe,10.5,3.0700225830078125,mixtral
2025-04-09 13:24:51,8072,ollama.exe,0.0,7.613674163818359,mixtral
2025-04-09 13:24:51,13808,ollama.exe,0.0,4.880043029785156,mixtral
2025-04-09 13:24:51,15508,ollama app.exe,0.0,0.022533416748046875,mixtral
2025-04-09 13:24:53,5652,ollama.exe,1.1,0.0453338623046875,mixtral
2025-04-09 13:24:53,7136,ollama.exe,8.0,3.195556640625,mixtral
2025-04-09 13:24:53,8072,ollama.exe,0.0,7.613674163818359,mixtral
2025-04-09 13:24:53,13808,ollama.exe,0.0,4.880043029785156,mixtral
2025-04-09 13:24:53,15508,ollama app.exe,0.0,0.022533416748046875,mixtral
2025-04-09 13:24:54,5652,ollama.exe,0.0,0.0453338623046875,mixtral
2025-04-09 13:24:54,7136,ollama.exe,14.6,3.405162811279297,mixtral
2025-04-09 13:24:54,8072,ollama.exe,0.0,7.613674163818359,mixtral
2025-04-09 13:24:54,13808,ollama.exe,0.0,4.880043029785156,mixtral
2025-04-09 13:24:54,15508,ollama app.exe,0.0,0.022533416748046875,mixtral
2025-04-09 13:24:55,5652,ollama.exe,0.0,0.045379638671875,mixtral
2025-04-09 13:24:55,7136,ollama.exe,8.2,3.526256561279297,mixtral
2025-04-09 13:24:55,8072,ollama.exe,0.0,7.613674163818359,mixtral
2025-04-09 13:24:55,13808,ollama.exe,0.0,4.880043029785156,mixtral
2025-04-09 13:24:55,15508,ollama app.exe,0.0,0.022533416748046875,mixtral
2025-04-09 13:24:57,5652,ollama.exe,0.0,0.045379638671875,mixtral
2025-04-09 13:24:57,7136,ollama.exe,12.5,3.713764190673828,mixtral
2025-04-09 13:24:57,8072,ollama.exe,0.0,7.613674163818359,mixtral
2025-04-09 13:24:57,13808,ollama.exe,0.0,4.880043029785156,mixtral
2025-04-09 13:24:57,15508,ollama app.exe,0.0,0.022533416748046875,mixtral
2025-04-09 13:24:58,5652,ollama.exe,1.1,0.045379638671875,mixtral
2025-04-09 13:24:58,7136,ollama.exe,8.1,3.834857940673828,mixtral
2025-04-09 13:24:58,8072,ollama.exe,0.0,7.613674163818359,mixtral
2025-04-09 13:24:58,13808,ollama.exe,0.0,4.880043029785156,mixtral
2025-04-09 13:24:58,15508,ollama app.exe,0.0,0.022533416748046875,mixtral
2025-04-09 13:24:59,5652,ollama.exe,0.0,0.045379638671875,mixtral
2025-04-09 13:24:59,7136,ollama.exe,10.3,4.018455505371094,mixtral
2025-04-09 13:24:59,8072,ollama.exe,0.0,7.613674163818359,mixtral
2025-04-09 13:24:59,13808,ollama.exe,0.0,4.880043029785156,mixtral
2025-04-09 13:24:59,15508,ollama app.exe,0.0,0.022533416748046875,mixtral
2025-04-09 13:25:01,5652,ollama.exe,0.0,0.045383453369140625,mixtral
2025-04-09 13:25:01,7136,ollama.exe,10.5,4.169525146484375,mixtral
2025-04-09 13:25:01,8072,ollama.exe,0.0,7.613674163818359,mixtral
2025-04-09 13:25:01,13808,ollama.exe,0.0,4.880043029785156,mixtral
2025-04-09 13:25:01,15508,ollama app.exe,0.0,0.022533416748046875,mixtral
2025-04-09 13:25:02,5652,ollama.exe,2.3,0.045383453369140625,mixtral
2025-04-09 13:25:02,7136,ollama.exe,9.2,4.290618896484375,mixtral
2025-04-09 13:25:02,8072,ollama.exe,0.0,7.613674163818359,mixtral
2025-04-09 13:25:02,13808,ollama.exe,0.0,4.880043029785156,mixtral
2025-04-09 13:25:02,15508,ollama app.exe,0.0,0.022533416748046875,mixtral
2025-04-09 13:25:03,5652,ollama.exe,0.0,0.045383453369140625,mixtral
2025-04-09 13:25:03,7136,ollama.exe,11.6,4.478122711181641,mixtral
2025-04-09 13:25:03,8072,ollama.exe,0.0,7.613674163818359,mixtral
2025-04-09 13:25:03,13808,ollama.exe,0.0,4.880043029785156,mixtral
2025-04-09 13:25:04,15508,ollama app.exe,0.0,0.022533416748046875,mixtral
2025-04-09 13:25:05,5652,ollama.exe,0.0,0.045383453369140625,mixtral
2025-04-09 13:25:05,7136,ollama.exe,10.1,4.661720275878906,mixtral
2025-04-09 13:25:05,8072,ollama.exe,0.0,7.613674163818359,mixtral
2025-04-09 13:25:05,13808,ollama.exe,0.0,4.880043029785156,mixtral
2025-04-09 13:25:05,15508,ollama app.exe,0.0,0.022533416748046875,mixtral
2025-04-09 13:25:06,5652,ollama.exe,1.1,0.045383453369140625,mixtral
2025-04-09 13:25:06,7136,ollama.exe,8.1,4.7828216552734375,mixtral
2025-04-09 13:25:06,8072,ollama.exe,1.2,7.6137542724609375,mixtral
2025-04-09 13:25:06,13808,ollama.exe,0.0,4.880043029785156,mixtral
2025-04-09 13:25:06,15508,ollama app.exe,0.0,0.022533416748046875,mixtral
2025-04-09 13:25:07,5652,ollama.exe,0.0,0.045383453369140625,mixtral
2025-04-09 13:25:07,7136,ollama.exe,9.4,4.9338226318359375,mixtral
2025-04-09 13:25:08,8072,ollama.exe,0.0,7.6137542724609375,mixtral
2025-04-09 13:25:08,13808,ollama.exe,0.0,4.880043029785156,mixtral
2025-04-09 13:25:08,15508,ollama app.exe,0.0,0.022533416748046875,mixtral
2025-04-09 13:25:09,5652,ollama.exe,0.0,0.045383453369140625,mixtral
2025-04-09 13:25:09,7136,ollama.exe,9.1,5.1174163818359375,mixtral
2025-04-09 13:25:09,8072,ollama.exe,0.0,7.6137542724609375,mixtral
2025-04-09 13:25:09,13808,ollama.exe,0.0,4.880043029785156,mixtral
2025-04-09 13:25:09,15508,ollama app.exe,0.0,0.022533416748046875,mixtral
2025-04-09 13:25:10,5652,ollama.exe,0.0,0.045383453369140625,mixtral
2025-04-09 13:25:10,7136,ollama.exe,8.1,5.242424011230469,mixtral
2025-04-09 13:25:10,8072,ollama.exe,0.0,7.6137542724609375,mixtral
2025-04-09 13:25:10,13808,ollama.exe,0.0,4.880043029785156,mixtral
2025-04-09 13:25:10,15508,ollama app.exe,0.0,0.022533416748046875,mixtral
2025-04-09 13:25:12,5652,ollama.exe,0.0,0.045383453369140625,mixtral
2025-04-09 13:25:12,7136,ollama.exe,10.3,5.426017761230469,mixtral
2025-04-09 13:25:12,8072,ollama.exe,0.0,7.6137542724609375,mixtral
2025-04-09 13:25:12,13808,ollama.exe,0.0,4.880043029785156,mixtral
2025-04-09 13:25:12,15508,ollama app.exe,0.0,0.022533416748046875,mixtral
2025-04-09 13:25:13,5652,ollama.exe,0.0,0.045383453369140625,mixtral
2025-04-09 13:25:13,7136,ollama.exe,8.0,5.560115814208984,mixtral
2025-04-09 13:25:13,8072,ollama.exe,0.0,7.6137542724609375,mixtral
2025-04-09 13:25:13,13808,ollama.exe,0.0,4.880043029785156,mixtral
2025-04-09 13:25:13,15508,ollama app.exe,0.0,0.022533416748046875,mixtral
2025-04-09 13:25:14,5652,ollama.exe,0.0,0.045383453369140625,mixtral
2025-04-09 13:25:14,7136,ollama.exe,9.2,5.760711669921875,mixtral
2025-04-09 13:25:14,8072,ollama.exe,0.0,7.6137542724609375,mixtral
2025-04-09 13:25:14,13808,ollama.exe,0.0,4.880043029785156,mixtral
2025-04-09 13:25:14,15508,ollama app.exe,0.0,0.022533416748046875,mixtral
2025-04-09 13:25:16,5652,ollama.exe,0.0,0.045383453369140625,mixtral
2025-04-09 13:25:16,7136,ollama.exe,8.1,5.881805419921875,mixtral
2025-04-09 13:25:16,8072,ollama.exe,0.0,7.6137542724609375,mixtral
2025-04-09 13:25:16,13808,ollama.exe,0.0,4.880043029785156,mixtral
2025-04-09 13:25:16,15508,ollama app.exe,0.0,0.022533416748046875,mixtral
2025-04-09 13:25:17,5652,ollama.exe,0.0,0.045383453369140625,mixtral
2025-04-09 13:25:17,7136,ollama.exe,11.4,6.065399169921875,mixtral
2025-04-09 13:25:17,8072,ollama.exe,0.0,7.6137542724609375,mixtral
2025-04-09 13:25:17,13808,ollama.exe,0.0,4.880043029785156,mixtral
2025-04-09 13:25:17,15508,ollama app.exe,0.0,0.022533416748046875,mixtral
2025-04-09 13:25:18,5652,ollama.exe,2.3,0.045383453369140625,mixtral
2025-04-09 13:25:18,7136,ollama.exe,10.3,6.252899169921875,mixtral
2025-04-09 13:25:18,8072,ollama.exe,0.0,7.6137542724609375,mixtral
2025-04-09 13:25:18,13808,ollama.exe,0.0,4.880043029785156,mixtral
2025-04-09 13:25:18,15508,ollama app.exe,0.0,0.022533416748046875,mixtral
2025-04-09 13:25:20,5652,ollama.exe,0.0,0.045383453369140625,mixtral
2025-04-09 13:25:20,7136,ollama.exe,8.0,6.400001525878906,mixtral
2025-04-09 13:25:20,8072,ollama.exe,0.0,7.6137542724609375,mixtral
2025-04-09 13:25:20,13808,ollama.exe,0.0,4.880043029785156,mixtral
2025-04-09 13:25:20,15508,ollama app.exe,0.0,0.022533416748046875,mixtral
2025-04-09 13:25:21,5652,ollama.exe,0.0,0.045383453369140625,mixtral
2025-04-09 13:25:21,7136,ollama.exe,8.2,6.525001525878906,mixtral
2025-04-09 13:25:21,8072,ollama.exe,0.0,7.6137542724609375,mixtral
2025-04-09 13:25:21,13808,ollama.exe,0.0,4.880043029785156,mixtral
2025-04-09 13:25:21,15508,ollama app.exe,0.0,0.022533416748046875,mixtral
2025-04-09 13:25:22,5652,ollama.exe,1.1,0.045383453369140625,mixtral
2025-04-09 13:25:22,7136,ollama.exe,10.2,6.708599090576172,mixtral
2025-04-09 13:25:22,8072,ollama.exe,0.0,7.6137542724609375,mixtral
2025-04-09 13:25:22,13808,ollama.exe,0.0,4.880043029785156,mixtral
2025-04-09 13:25:22,15508,ollama app.exe,0.0,0.022533416748046875,mixtral
2025-04-09 13:25:24,5652,ollama.exe,0.0,0.045383453369140625,mixtral
2025-04-09 13:25:24,7136,ollama.exe,10.1,6.892192840576172,mixtral
2025-04-09 13:25:24,8072,ollama.exe,0.0,7.6137542724609375,mixtral
2025-04-09 13:25:24,13808,ollama.exe,0.0,4.880043029785156,mixtral
2025-04-09 13:25:24,15508,ollama app.exe,0.0,0.022533416748046875,mixtral
2025-04-09 13:25:25,5652,ollama.exe,0.0,0.045383453369140625,mixtral
2025-04-09 13:25:25,7136,ollama.exe,9.3,7.017200469970703,mixtral
2025-04-09 13:25:25,8072,ollama.exe,0.0,7.6137542724609375,mixtral
2025-04-09 13:25:25,13808,ollama.exe,2.3,4.880577087402344,mixtral
2025-04-09 13:25:25,15508,ollama app.exe,0.0,0.022533416748046875,mixtral
2025-04-09 13:25:26,5652,ollama.exe,0.0,0.045383453369140625,mixtral
2025-04-09 13:25:27,7136,ollama.exe,11.5,7.164314270019531,mixtral
2025-04-09 13:25:27,8072,ollama.exe,0.0,7.6137542724609375,mixtral
2025-04-09 13:25:27,13808,ollama.exe,0.0,4.880577087402344,mixtral
2025-04-09 13:25:27,15508,ollama app.exe,0.0,0.022533416748046875,mixtral
2025-04-09 13:25:28,5652,ollama.exe,1.1,0.04538726806640625,mixtral
2025-04-09 13:25:28,7136,ollama.exe,10.3,7.347927093505859,mixtral
2025-04-09 13:25:28,8072,ollama.exe,0.0,7.613788604736328,mixtral
2025-04-09 13:25:28,13808,ollama.exe,0.0,4.880577087402344,mixtral
2025-04-09 13:25:28,15508,ollama app.exe,0.0,0.022533416748046875,mixtral
2025-04-09 13:25:29,5652,ollama.exe,0.0,0.04538726806640625,mixtral
2025-04-09 13:25:29,7136,ollama.exe,7.1,7.472927093505859,mixtral
2025-04-09 13:25:29,8072,ollama.exe,0.0,7.613788604736328,mixtral
2025-04-09 13:25:29,13808,ollama.exe,0.0,4.880577087402344,mixtral
2025-04-09 13:25:29,15508,ollama app.exe,0.0,0.022533416748046875,mixtral
2025-04-09 13:25:31,5652,ollama.exe,0.0,0.04538726806640625,mixtral
2025-04-09 13:25:31,7136,ollama.exe,10.2,7.656524658203125,mixtral
2025-04-09 13:25:31,8072,ollama.exe,0.0,7.613788604736328,mixtral
2025-04-09 13:25:31,13808,ollama.exe,0.0,4.880577087402344,mixtral
2025-04-09 13:25:31,15508,ollama app.exe,0.0,0.022533416748046875,mixtral
2025-04-09 13:25:32,5652,ollama.exe,0.0,0.04538726806640625,mixtral
2025-04-09 13:25:32,7136,ollama.exe,10.5,7.7815399169921875,mixtral
2025-04-09 13:25:32,8072,ollama.exe,0.0,7.613788604736328,mixtral
2025-04-09 13:25:32,13808,ollama.exe,0.0,4.880577087402344,mixtral
2025-04-09 13:25:32,15508,ollama app.exe,0.0,0.022533416748046875,mixtral
2025-04-09 13:25:33,5652,ollama.exe,1.1,0.04538726806640625,mixtral
2025-04-09 13:25:33,7136,ollama.exe,13.8,7.9911346435546875,mixtral
2025-04-09 13:25:33,8072,ollama.exe,0.0,7.613788604736328,mixtral
2025-04-09 13:25:33,13808,ollama.exe,0.0,4.880577087402344,mixtral
2025-04-09 13:25:33,15508,ollama app.exe,0.0,0.022533416748046875,mixtral
2025-04-09 13:25:35,5652,ollama.exe,0.0,0.04538726806640625,mixtral
2025-04-09 13:25:35,7136,ollama.exe,7.1,8.112228393554688,mixtral
2025-04-09 13:25:35,8072,ollama.exe,0.0,7.613788604736328,mixtral
2025-04-09 13:25:35,13808,ollama.exe,0.0,4.880577087402344,mixtral
2025-04-09 13:25:35,15508,ollama app.exe,0.0,0.022533416748046875,mixtral
2025-04-09 13:25:36,5652,ollama.exe,0.0,0.04538726806640625,mixtral
2025-04-09 13:25:36,7136,ollama.exe,10.2,8.299728393554688,mixtral
2025-04-09 13:25:36,8072,ollama.exe,0.0,7.613788604736328,mixtral
2025-04-09 13:25:36,13808,ollama.exe,0.0,4.880577087402344,mixtral
2025-04-09 13:25:36,15508,ollama app.exe,0.0,0.022533416748046875,mixtral
2025-04-09 13:25:37,5652,ollama.exe,0.0,0.04538726806640625,mixtral
2025-04-09 13:25:37,7136,ollama.exe,8.1,8.420825958251953,mixtral
2025-04-09 13:25:37,8072,ollama.exe,0.0,7.613788604736328,mixtral
2025-04-09 13:25:37,13808,ollama.exe,0.0,4.880577087402344,mixtral
2025-04-09 13:25:37,15508,ollama app.exe,0.0,0.022533416748046875,mixtral
2025-04-09 13:25:39,5652,ollama.exe,0.0,0.04538726806640625,mixtral
2025-04-09 13:25:39,7136,ollama.exe,10.5,8.604419708251953,mixtral
2025-04-09 13:25:39,8072,ollama.exe,0.0,7.613788604736328,mixtral
2025-04-09 13:25:39,13808,ollama.exe,0.0,4.880577087402344,mixtral
2025-04-09 13:25:39,15508,ollama app.exe,0.0,0.022533416748046875,mixtral
2025-04-09 13:25:40,5652,ollama.exe,2.3,0.04538726806640625,mixtral
2025-04-09 13:25:40,7136,ollama.exe,9.2,8.755481719970703,mixtral
2025-04-09 13:25:40,8072,ollama.exe,0.0,7.613788604736328,mixtral
2025-04-09 13:25:40,13808,ollama.exe,0.0,4.880577087402344,mixtral
2025-04-09 13:25:40,15508,ollama app.exe,0.0,0.022533416748046875,mixtral
2025-04-09 13:25:41,5652,ollama.exe,0.0,0.04538726806640625,mixtral
2025-04-09 13:25:41,7136,ollama.exe,11.8,8.939075469970703,mixtral
2025-04-09 13:25:41,8072,ollama.exe,0.0,7.613788604736328,mixtral
2025-04-09 13:25:41,13808,ollama.exe,0.0,4.880577087402344,mixtral
2025-04-09 13:25:41,15508,ollama app.exe,0.0,0.022533416748046875,mixtral
2025-04-09 13:25:43,5652,ollama.exe,0.0,0.04538726806640625,mixtral
2025-04-09 13:25:43,7136,ollama.exe,8.1,9.064075469970703,mixtral
2025-04-09 13:25:43,8072,ollama.exe,0.0,7.613788604736328,mixtral
2025-04-09 13:25:43,13808,ollama.exe,0.0,4.880577087402344,mixtral
2025-04-09 13:25:43,15508,ollama app.exe,0.0,0.022533416748046875,mixtral
2025-04-09 13:25:44,5652,ollama.exe,0.0,0.04538726806640625,mixtral
2025-04-09 13:25:44,7136,ollama.exe,14.9,9.247669219970703,mixtral
2025-04-09 13:25:44,8072,ollama.exe,0.0,7.613788604736328,mixtral
2025-04-09 13:25:44,13808,ollama.exe,0.0,4.880577087402344,mixtral
2025-04-09 13:25:44,15508,ollama app.exe,0.0,0.022533416748046875,mixtral
2025-04-09 13:25:45,5652,ollama.exe,0.0,0.04538726806640625,mixtral
2025-04-09 13:25:45,7136,ollama.exe,10.5,9.368766784667969,mixtral
2025-04-09 13:25:45,8072,ollama.exe,0.0,7.613788604736328,mixtral
2025-04-09 13:25:45,13808,ollama.exe,0.0,4.880577087402344,mixtral
2025-04-09 13:25:45,15508,ollama app.exe,0.0,0.022533416748046875,mixtral
2025-04-09 13:25:47,5652,ollama.exe,0.0,0.04538726806640625,mixtral
2025-04-09 13:25:47,7136,ollama.exe,9.2,9.519760131835938,mixtral
2025-04-09 13:25:47,8072,ollama.exe,0.0,7.613788604736328,mixtral
2025-04-09 13:25:47,13808,ollama.exe,0.0,4.880577087402344,mixtral
2025-04-09 13:25:47,15508,ollama app.exe,0.0,0.022533416748046875,mixtral
2025-04-09 13:25:48,5652,ollama.exe,1.2,0.04538726806640625,mixtral
2025-04-09 13:25:48,7136,ollama.exe,10.5,9.703357696533203,mixtral
2025-04-09 13:25:48,8072,ollama.exe,0.0,7.613788604736328,mixtral
2025-04-09 13:25:48,13808,ollama.exe,0.0,4.880577087402344,mixtral
2025-04-09 13:25:48,15508,ollama app.exe,0.0,0.022533416748046875,mixtral
2025-04-09 13:25:49,5652,ollama.exe,0.0,0.04538726806640625,mixtral
2025-04-09 13:25:49,7136,ollama.exe,8.0,9.832889556884766,mixtral
2025-04-09 13:25:49,8072,ollama.exe,0.0,7.613788604736328,mixtral
2025-04-09 13:25:50,13808,ollama.exe,0.0,4.880577087402344,mixtral
2025-04-09 13:25:50,15508,ollama app.exe,0.0,0.022533416748046875,mixtral
2025-04-09 13:25:51,5652,ollama.exe,0.0,0.04538726806640625,mixtral
2025-04-09 13:25:51,7136,ollama.exe,9.2,10.011955261230469,mixtral
2025-04-09 13:25:51,8072,ollama.exe,0.0,7.613788604736328,mixtral
2025-04-09 13:25:51,13808,ollama.exe,0.0,4.880577087402344,mixtral
2025-04-09 13:25:51,15508,ollama app.exe,0.0,0.022533416748046875,mixtral
2025-04-09 13:25:52,5652,ollama.exe,0.0,0.04538726806640625,mixtral
2025-04-09 13:25:52,7136,ollama.exe,10.5,10.159000396728516,mixtral
2025-04-09 13:25:52,8072,ollama.exe,0.0,7.613788604736328,mixtral
2025-04-09 13:25:52,13808,ollama.exe,0.0,4.880577087402344,mixtral
2025-04-09 13:25:52,15508,ollama app.exe,0.0,0.022533416748046875,mixtral
2025-04-09 13:25:54,5652,ollama.exe,1.1,0.04538726806640625,mixtral
2025-04-09 13:25:54,7136,ollama.exe,13.3,10.346630096435547,mixtral
2025-04-09 13:25:54,8072,ollama.exe,0.0,7.613788604736328,mixtral
2025-04-09 13:25:54,13808,ollama.exe,0.0,4.880577087402344,mixtral
2025-04-09 13:25:54,15508,ollama app.exe,0.0,0.022533416748046875,mixtral
2025-04-09 13:25:55,5652,ollama.exe,0.0,0.04538726806640625,mixtral
2025-04-09 13:25:55,7136,ollama.exe,9.2,10.467731475830078,mixtral
2025-04-09 13:25:55,8072,ollama.exe,0.0,7.613788604736328,mixtral
2025-04-09 13:25:55,13808,ollama.exe,0.0,4.880577087402344,mixtral
2025-04-09 13:25:55,15508,ollama app.exe,0.0,0.022533416748046875,mixtral
2025-04-09 13:25:56,5652,ollama.exe,0.0,0.04538726806640625,mixtral
2025-04-09 13:25:56,7136,ollama.exe,11.6,10.651329040527344,mixtral
2025-04-09 13:25:56,8072,ollama.exe,0.0,7.613788604736328,mixtral
2025-04-09 13:25:56,13808,ollama.exe,0.0,4.880577087402344,mixtral
2025-04-09 13:25:56,15508,ollama app.exe,0.0,0.022533416748046875,mixtral
2025-04-09 13:25:58,5652,ollama.exe,1.2,0.04538726806640625,mixtral
2025-04-09 13:25:58,7136,ollama.exe,10.5,10.83884048461914,mixtral
2025-04-09 13:25:58,8072,ollama.exe,0.0,7.613788604736328,mixtral
2025-04-09 13:25:58,13808,ollama.exe,0.0,4.880577087402344,mixtral
2025-04-09 13:25:58,15508,ollama app.exe,0.0,0.022533416748046875,mixtral
2025-04-09 13:25:59,5652,ollama.exe,0.0,0.04538726806640625,mixtral
2025-04-09 13:25:59,7136,ollama.exe,8.1,10.98593521118164,mixtral
2025-04-09 13:25:59,8072,ollama.exe,0.0,7.613788604736328,mixtral
2025-04-09 13:25:59,13808,ollama.exe,0.0,4.880577087402344,mixtral
2025-04-09 13:25:59,15508,ollama app.exe,0.0,0.022533416748046875,mixtral
2025-04-09 13:26:00,5652,ollama.exe,0.0,0.04538726806640625,mixtral
2025-04-09 13:26:00,7136,ollama.exe,7.1,11.110942840576172,mixtral
2025-04-09 13:26:00,8072,ollama.exe,0.0,7.613788604736328,mixtral
2025-04-09 13:26:00,13808,ollama.exe,0.0,4.880577087402344,mixtral
2025-04-09 13:26:00,15508,ollama app.exe,0.0,0.022533416748046875,mixtral
2025-04-09 13:26:02,5652,ollama.exe,0.0,0.04538726806640625,mixtral
2025-04-09 13:26:02,7136,ollama.exe,12.8,11.294559478759766,mixtral
2025-04-09 13:26:02,8072,ollama.exe,0.0,7.613788604736328,mixtral
2025-04-09 13:26:02,13808,ollama.exe,0.0,4.880577087402344,mixtral
2025-04-09 13:26:02,15508,ollama app.exe,0.0,0.022533416748046875,mixtral
2025-04-09 13:26:03,5652,ollama.exe,0.0,0.04538726806640625,mixtral
2025-04-09 13:26:03,7136,ollama.exe,7.0,11.415668487548828,mixtral
2025-04-09 13:26:03,8072,ollama.exe,0.0,7.613788604736328,mixtral
2025-04-09 13:26:03,13808,ollama.exe,0.0,4.880577087402344,mixtral
2025-04-09 13:26:03,15508,ollama app.exe,0.0,0.022533416748046875,mixtral
2025-04-09 13:26:04,5652,ollama.exe,0.0,0.04538726806640625,mixtral
2025-04-09 13:26:04,7136,ollama.exe,11.5,11.603179931640625,mixtral
2025-04-09 13:26:04,8072,ollama.exe,0.0,7.613788604736328,mixtral
2025-04-09 13:26:04,13808,ollama.exe,0.0,4.880577087402344,mixtral
2025-04-09 13:26:04,15508,ollama app.exe,0.0,0.022533416748046875,mixtral
2025-04-09 13:26:06,5652,ollama.exe,1.2,0.04538726806640625,mixtral
2025-04-09 13:26:06,7136,ollama.exe,11.8,11.750293731689453,mixtral
2025-04-09 13:26:06,8072,ollama.exe,0.0,7.613487243652344,mixtral
2025-04-09 13:26:06,13808,ollama.exe,0.0,4.880577087402344,mixtral
2025-04-09 13:26:06,15508,ollama app.exe,0.0,0.022533416748046875,mixtral
2025-04-09 13:26:07,5652,ollama.exe,0.0,0.04538726806640625,mixtral
2025-04-09 13:26:07,7136,ollama.exe,7.1,11.875301361083984,mixtral
2025-04-09 13:26:07,8072,ollama.exe,0.0,7.613372802734375,mixtral
2025-04-09 13:26:07,13808,ollama.exe,0.0,4.880577087402344,mixtral
2025-04-09 13:26:07,15508,ollama app.exe,0.0,0.022533416748046875,mixtral
2025-04-09 13:26:08,5652,ollama.exe,0.0,0.04538726806640625,mixtral
2025-04-09 13:26:08,7136,ollama.exe,9.3,12.05889892578125,mixtral
2025-04-09 13:26:08,8072,ollama.exe,0.0,7.613372802734375,mixtral
2025-04-09 13:26:08,13808,ollama.exe,0.0,4.880577087402344,mixtral
2025-04-09 13:26:08,15508,ollama app.exe,0.0,0.022533416748046875,mixtral
2025-04-09 13:26:10,5652,ollama.exe,1.2,0.04538726806640625,mixtral
2025-04-09 13:26:10,7136,ollama.exe,10.5,12.242500305175781,mixtral
2025-04-09 13:26:10,8072,ollama.exe,0.0,7.613372802734375,mixtral
2025-04-09 13:26:10,13808,ollama.exe,0.0,4.880577087402344,mixtral
2025-04-09 13:26:10,15508,ollama app.exe,0.0,0.022533416748046875,mixtral
2025-04-09 13:26:11,5652,ollama.exe,0.0,0.04538726806640625,mixtral
2025-04-09 13:26:11,7136,ollama.exe,10.6,12.367500305175781,mixtral
2025-04-09 13:26:11,8072,ollama.exe,0.0,7.613372802734375,mixtral
2025-04-09 13:26:11,13808,ollama.exe,0.0,4.880577087402344,mixtral
2025-04-09 13:26:11,15508,ollama app.exe,0.0,0.022533416748046875,mixtral
2025-04-09 13:26:12,5652,ollama.exe,0.0,0.04538726806640625,mixtral
2025-04-09 13:26:12,7136,ollama.exe,10.5,12.514656066894531,mixtral
2025-04-09 13:26:12,8072,ollama.exe,0.0,7.613372802734375,mixtral
2025-04-09 13:26:12,13808,ollama.exe,0.0,4.880577087402344,mixtral
2025-04-09 13:26:12,15508,ollama app.exe,0.0,0.022533416748046875,mixtral
2025-04-09 13:26:14,5652,ollama.exe,1.2,0.04538726806640625,mixtral
2025-04-09 13:26:14,7136,ollama.exe,11.6,12.698265075683594,mixtral
2025-04-09 13:26:14,8072,ollama.exe,0.0,7.613372802734375,mixtral
2025-04-09 13:26:14,13808,ollama.exe,0.0,4.880577087402344,mixtral
2025-04-09 13:26:14,15508,ollama app.exe,0.0,0.022533416748046875,mixtral
2025-04-09 13:26:15,5652,ollama.exe,0.0,0.04538726806640625,mixtral
2025-04-09 13:26:15,7136,ollama.exe,7.1,12.823265075683594,mixtral
2025-04-09 13:26:15,8072,ollama.exe,0.0,7.613372802734375,mixtral
2025-04-09 13:26:15,13808,ollama.exe,0.0,4.880577087402344,mixtral
2025-04-09 13:26:15,15508,ollama app.exe,0.0,0.022533416748046875,mixtral
2025-04-09 13:26:16,5652,ollama.exe,0.0,0.04538726806640625,mixtral
2025-04-09 13:26:16,7136,ollama.exe,11.5,13.00686264038086,mixtral
2025-04-09 13:26:16,8072,ollama.exe,0.0,7.613372802734375,mixtral
2025-04-09 13:26:16,13808,ollama.exe,0.0,4.880577087402344,mixtral
2025-04-09 13:26:16,15508,ollama app.exe,0.0,0.022533416748046875,mixtral
2025-04-09 13:26:18,5652,ollama.exe,0.0,0.04538726806640625,mixtral
2025-04-09 13:26:18,7136,ollama.exe,8.2,13.131866455078125,mixtral
2025-04-09 13:26:18,8072,ollama.exe,0.0,7.613372802734375,mixtral
2025-04-09 13:26:18,13808,ollama.exe,0.0,4.880577087402344,mixtral
2025-04-09 13:26:18,15508,ollama app.exe,0.0,0.022533416748046875,mixtral
2025-04-09 13:26:19,5652,ollama.exe,0.0,0.0453948974609375,mixtral
2025-04-09 13:26:19,7136,ollama.exe,9.1,13.341529846191406,mixtral
2025-04-09 13:26:19,8072,ollama.exe,0.0,7.613372802734375,mixtral
2025-04-09 13:26:19,13808,ollama.exe,0.0,4.880577087402344,mixtral
2025-04-09 13:26:19,15508,ollama app.exe,0.0,0.022533416748046875,mixtral
2025-04-09 13:26:20,5652,ollama.exe,0.0,0.045398712158203125,mixtral
2025-04-09 13:26:20,7136,ollama.exe,7.1,13.462631225585938,mixtral
2025-04-09 13:26:20,8072,ollama.exe,0.0,7.613372802734375,mixtral
2025-04-09 13:26:20,13808,ollama.exe,0.0,4.880577087402344,mixtral
2025-04-09 13:26:20,15508,ollama app.exe,0.0,0.022533416748046875,mixtral
2025-04-09 13:26:22,5652,ollama.exe,0.0,0.04541015625,mixtral
2025-04-09 13:26:22,7136,ollama.exe,16.5,13.650142669677734,mixtral
2025-04-09 13:26:22,8072,ollama.exe,0.0,7.613372802734375,mixtral
2025-04-09 13:26:22,13808,ollama.exe,0.0,4.880577087402344,mixtral
2025-04-09 13:26:22,15508,ollama app.exe,0.0,0.022533416748046875,mixtral
2025-04-09 13:26:23,5652,ollama.exe,1.1,0.04541015625,mixtral
2025-04-09 13:26:23,7136,ollama.exe,6.7,13.771244049072266,mixtral
2025-04-09 13:26:23,8072,ollama.exe,0.0,7.613372802734375,mixtral
2025-04-09 13:26:23,13808,ollama.exe,0.0,4.880577087402344,mixtral
2025-04-09 13:26:23,15508,ollama app.exe,0.0,0.022533416748046875,mixtral
2025-04-09 13:26:24,5652,ollama.exe,0.0,0.04541015625,mixtral
2025-04-09 13:26:25,7136,ollama.exe,10.3,13.954879760742188,mixtral
2025-04-09 13:26:25,8072,ollama.exe,0.0,7.613372802734375,mixtral
2025-04-09 13:26:25,13808,ollama.exe,0.0,4.880577087402344,mixtral
2025-04-09 13:26:25,15508,ollama app.exe,0.0,0.022533416748046875,mixtral
2025-04-09 13:26:26,5652,ollama.exe,1.2,0.04541015625,mixtral
2025-04-09 13:26:26,7136,ollama.exe,11.6,14.105880737304688,mixtral
2025-04-09 13:26:26,8072,ollama.exe,0.0,7.613372802734375,mixtral
2025-04-09 13:26:26,13808,ollama.exe,0.0,4.880577087402344,mixtral
2025-04-09 13:26:26,15508,ollama app.exe,0.0,0.022533416748046875,mixtral
2025-04-09 13:26:27,5652,ollama.exe,1.2,0.04541015625,mixtral
2025-04-09 13:26:27,7136,ollama.exe,10.3,14.289474487304688,mixtral
2025-04-09 13:26:27,8072,ollama.exe,0.0,7.613372802734375,mixtral
2025-04-09 13:26:27,13808,ollama.exe,0.0,4.880577087402344,mixtral
2025-04-09 13:26:27,15508,ollama app.exe,0.0,0.022533416748046875,mixtral
2025-04-09 13:26:28,5652,ollama.exe,0.0,0.0453948974609375,mixtral
2025-04-09 13:26:29,7136,ollama.exe,14.3,14.414482116699219,mixtral
2025-04-09 13:26:29,8072,ollama.exe,0.0,7.613372802734375,mixtral
2025-04-09 13:26:29,13808,ollama.exe,0.0,4.880577087402344,mixtral
2025-04-09 13:26:29,15508,ollama app.exe,0.0,0.022533416748046875,mixtral
2025-04-09 13:26:30,5652,ollama.exe,0.0,0.0453948974609375,mixtral
2025-04-09 13:26:30,7136,ollama.exe,12.8,14.59808349609375,mixtral
2025-04-09 13:26:30,8072,ollama.exe,0.0,7.613372802734375,mixtral
2025-04-09 13:26:30,13808,ollama.exe,0.0,4.880577087402344,mixtral
2025-04-09 13:26:30,15508,ollama app.exe,0.0,0.022533416748046875,mixtral
2025-04-09 13:26:31,5652,ollama.exe,0.0,0.0453948974609375,mixtral
2025-04-09 13:26:31,7136,ollama.exe,8.2,14.71917724609375,mixtral
2025-04-09 13:26:31,8072,ollama.exe,0.0,7.613372802734375,mixtral
2025-04-09 13:26:31,13808,ollama.exe,0.0,4.880577087402344,mixtral
2025-04-09 13:26:31,15508,ollama app.exe,0.0,0.022533416748046875,mixtral
2025-04-09 13:26:32,5652,ollama.exe,0.0,0.04540252685546875,mixtral
2025-04-09 13:26:33,7136,ollama.exe,8.1,14.8702392578125,mixtral
2025-04-09 13:26:33,8072,ollama.exe,0.0,7.613372802734375,mixtral
2025-04-09 13:26:33,13808,ollama.exe,0.0,4.880577087402344,mixtral
2025-04-09 13:26:33,15508,ollama app.exe,0.0,0.022533416748046875,mixtral
2025-04-09 13:26:34,5652,ollama.exe,1.1,0.045406341552734375,mixtral
2025-04-09 13:26:34,7136,ollama.exe,12.6,15.053840637207031,mixtral
2025-04-09 13:26:34,8072,ollama.exe,0.0,7.613372802734375,mixtral
2025-04-09 13:26:34,13808,ollama.exe,0.0,4.880577087402344,mixtral
2025-04-09 13:26:34,15508,ollama app.exe,0.0,0.022533416748046875,mixtral
2025-04-09 13:26:35,5652,ollama.exe,0.0,0.045406341552734375,mixtral
2025-04-09 13:26:35,7136,ollama.exe,5.8,15.178855895996094,mixtral
2025-04-09 13:26:35,8072,ollama.exe,0.0,7.613372802734375,mixtral
2025-04-09 13:26:35,13808,ollama.exe,0.0,4.880577087402344,mixtral
2025-04-09 13:26:35,15508,ollama app.exe,0.0,0.022533416748046875,mixtral
2025-04-09 13:26:37,5652,ollama.exe,0.0,0.04541778564453125,mixtral
2025-04-09 13:26:37,7136,ollama.exe,12.8,15.362472534179688,mixtral
2025-04-09 13:26:37,8072,ollama.exe,0.0,7.613372802734375,mixtral
2025-04-09 13:26:37,13808,ollama.exe,0.0,4.880577087402344,mixtral
2025-04-09 13:26:37,15508,ollama app.exe,0.0,0.022533416748046875,mixtral
2025-04-09 13:26:38,5652,ollama.exe,0.0,0.04541778564453125,mixtral
2025-04-09 13:26:38,7136,ollama.exe,11.6,15.492355346679688,mixtral
2025-04-09 13:26:38,8072,ollama.exe,0.0,7.613372802734375,mixtral
2025-04-09 13:26:38,13808,ollama.exe,0.0,4.880577087402344,mixtral
2025-04-09 13:26:38,15508,ollama app.exe,0.0,0.022533416748046875,mixtral
2025-04-09 13:26:39,5652,ollama.exe,0.0,0.0454254150390625,mixtral
2025-04-09 13:26:39,7136,ollama.exe,9.2,15.697113037109375,mixtral
2025-04-09 13:26:39,8072,ollama.exe,0.0,7.613372802734375,mixtral
2025-04-09 13:26:39,13808,ollama.exe,0.0,4.880577087402344,mixtral
2025-04-09 13:26:39,15508,ollama app.exe,0.0,0.022533416748046875,mixtral
2025-04-09 13:26:41,5652,ollama.exe,0.0,0.0454254150390625,mixtral
2025-04-09 13:26:41,7136,ollama.exe,9.4,15.818214416503906,mixtral
2025-04-09 13:26:41,8072,ollama.exe,0.0,7.613372802734375,mixtral
2025-04-09 13:26:41,13808,ollama.exe,0.0,4.880577087402344,mixtral
2025-04-09 13:26:41,15508,ollama app.exe,0.0,0.022533416748046875,mixtral
2025-04-09 13:26:42,5652,ollama.exe,0.0,0.045429229736328125,mixtral
2025-04-09 13:26:42,7136,ollama.exe,12.8,16.001815795898438,mixtral
2025-04-09 13:26:42,8072,ollama.exe,0.0,7.613372802734375,mixtral
2025-04-09 13:26:42,13808,ollama.exe,0.0,4.880577087402344,mixtral
2025-04-09 13:26:42,15508,ollama app.exe,0.0,0.022533416748046875,mixtral
2025-04-09 13:26:43,5652,ollama.exe,1.2,0.045429229736328125,mixtral
2025-04-09 13:26:43,7136,ollama.exe,8.1,16.12682342529297,mixtral
2025-04-09 13:26:43,8072,ollama.exe,0.0,7.613372802734375,mixtral
2025-04-09 13:26:43,13808,ollama.exe,0.0,4.880577087402344,mixtral
2025-04-09 13:26:43,15508,ollama app.exe,0.0,0.022533416748046875,mixtral
2025-04-09 13:26:45,5652,ollama.exe,0.0,0.045429229736328125,mixtral
2025-04-09 13:26:45,7136,ollama.exe,9.2,16.273883819580078,mixtral
2025-04-09 13:26:45,8072,ollama.exe,0.0,7.613372802734375,mixtral
2025-04-09 13:26:45,13808,ollama.exe,0.0,4.880577087402344,mixtral
2025-04-09 13:26:45,15508,ollama app.exe,0.0,0.022533416748046875,mixtral
2025-04-09 13:26:46,5652,ollama.exe,0.0,0.045429229736328125,mixtral
2025-04-09 13:26:46,7136,ollama.exe,10.6,16.461509704589844,mixtral
2025-04-09 13:26:46,8072,ollama.exe,0.0,7.613372802734375,mixtral
2025-04-09 13:26:46,13808,ollama.exe,0.0,4.880577087402344,mixtral
2025-04-09 13:26:46,15508,ollama app.exe,0.0,0.022533416748046875,mixtral
2025-04-09 13:26:47,5652,ollama.exe,0.0,0.045429229736328125,mixtral
2025-04-09 13:26:47,7136,ollama.exe,9.3,16.58261489868164,mixtral
2025-04-09 13:26:47,8072,ollama.exe,0.0,7.613372802734375,mixtral
2025-04-09 13:26:47,13808,ollama.exe,0.0,4.880577087402344,mixtral
2025-04-09 13:26:47,15508,ollama app.exe,0.0,0.022533416748046875,mixtral
2025-04-09 13:26:49,5652,ollama.exe,0.0,0.045429229736328125,mixtral
2025-04-09 13:26:49,7136,ollama.exe,11.8,16.766220092773438,mixtral
2025-04-09 13:26:49,8072,ollama.exe,0.0,7.613372802734375,mixtral
2025-04-09 13:26:49,13808,ollama.exe,0.0,4.880577087402344,mixtral
2025-04-09 13:26:49,15508,ollama app.exe,0.0,0.022533416748046875,mixtral
2025-04-09 13:26:50,5652,ollama.exe,0.0,0.045429229736328125,mixtral
2025-04-09 13:26:50,7136,ollama.exe,10.5,16.953731536865234,mixtral
2025-04-09 13:26:50,8072,ollama.exe,0.0,7.613372802734375,mixtral
2025-04-09 13:26:50,13808,ollama.exe,0.0,4.880577087402344,mixtral
2025-04-09 13:26:50,15508,ollama app.exe,0.0,0.022533416748046875,mixtral
2025-04-09 13:26:51,5652,ollama.exe,2.3,0.045429229736328125,mixtral
2025-04-09 13:26:51,7136,ollama.exe,8.0,17.10083770751953,mixtral
2025-04-09 13:26:51,8072,ollama.exe,0.0,7.613372802734375,mixtral
2025-04-09 13:26:51,13808,ollama.exe,0.0,4.880577087402344,mixtral
2025-04-09 13:26:51,15508,ollama app.exe,0.0,0.022533416748046875,mixtral
2025-04-09 13:26:53,5652,ollama.exe,0.0,0.045429229736328125,mixtral
2025-04-09 13:26:53,7136,ollama.exe,10.6,17.22603988647461,mixtral
2025-04-09 13:26:53,8072,ollama.exe,0.0,7.613372802734375,mixtral
2025-04-09 13:26:53,13808,ollama.exe,0.0,4.880577087402344,mixtral
2025-04-09 13:26:53,15508,ollama app.exe,0.0,0.022533416748046875,mixtral
2025-04-09 13:26:54,5652,ollama.exe,0.0,0.045429229736328125,mixtral
2025-04-09 13:26:54,7136,ollama.exe,10.2,17.409652709960938,mixtral
2025-04-09 13:26:54,8072,ollama.exe,0.0,7.613372802734375,mixtral
2025-04-09 13:26:54,13808,ollama.exe,0.0,4.880577087402344,mixtral
2025-04-09 13:26:54,15508,ollama app.exe,0.0,0.022533416748046875,mixtral
2025-04-09 13:26:55,5652,ollama.exe,2.3,0.045429229736328125,mixtral
2025-04-09 13:26:55,7136,ollama.exe,8.1,17.530746459960938,mixtral
2025-04-09 13:26:55,8072,ollama.exe,0.0,7.613372802734375,mixtral
2025-04-09 13:26:56,13808,ollama.exe,0.0,4.880577087402344,mixtral
2025-04-09 13:26:56,15508,ollama app.exe,0.0,0.022533416748046875,mixtral
2025-04-09 13:26:57,5652,ollama.exe,0.0,0.045429229736328125,mixtral
2025-04-09 13:26:57,7136,ollama.exe,11.5,17.718246459960938,mixtral
2025-04-09 13:26:57,8072,ollama.exe,0.0,7.613372802734375,mixtral
2025-04-09 13:26:57,13808,ollama.exe,0.0,4.880577087402344,mixtral
2025-04-09 13:26:57,15508,ollama app.exe,0.0,0.022533416748046875,mixtral
2025-04-09 13:26:58,5652,ollama.exe,0.0,0.045429229736328125,mixtral
2025-04-09 13:26:58,7136,ollama.exe,9.4,17.865413665771484,mixtral
2025-04-09 13:26:58,8072,ollama.exe,0.0,7.613372802734375,mixtral
2025-04-09 13:26:58,13808,ollama.exe,0.0,4.880577087402344,mixtral
2025-04-09 13:26:58,15508,ollama app.exe,0.0,0.022533416748046875,mixtral
2025-04-09 13:26:59,5652,ollama.exe,0.0,0.045429229736328125,mixtral
2025-04-09 13:26:59,7136,ollama.exe,12.6,18.037899017333984,mixtral
2025-04-09 13:26:59,8072,ollama.exe,0.0,7.613372802734375,mixtral
2025-04-09 13:27:00,13808,ollama.exe,0.0,4.880577087402344,mixtral
2025-04-09 13:27:00,15508,ollama app.exe,0.0,0.022533416748046875,mixtral
2025-04-09 13:27:01,5652,ollama.exe,0.0,0.045429229736328125,mixtral
2025-04-09 13:27:01,7136,ollama.exe,10.6,18.174015045166016,mixtral
2025-04-09 13:27:01,8072,ollama.exe,0.0,7.613372802734375,mixtral
2025-04-09 13:27:01,13808,ollama.exe,0.0,4.880577087402344,mixtral
2025-04-09 13:27:01,15508,ollama app.exe,0.0,0.022533416748046875,mixtral
2025-04-09 13:27:02,5652,ollama.exe,0.0,0.045429229736328125,mixtral
2025-04-09 13:27:02,7136,ollama.exe,10.5,18.357616424560547,mixtral
2025-04-09 13:27:02,8072,ollama.exe,0.0,7.613372802734375,mixtral
2025-04-09 13:27:02,13808,ollama.exe,0.0,4.880577087402344,mixtral
2025-04-09 13:27:02,15508,ollama app.exe,0.0,0.022533416748046875,mixtral
2025-04-09 13:27:03,5652,ollama.exe,0.0,0.045429229736328125,mixtral
2025-04-09 13:27:03,7136,ollama.exe,9.3,18.482616424560547,mixtral
2025-04-09 13:27:03,8072,ollama.exe,0.0,7.613372802734375,mixtral
2025-04-09 13:27:04,13808,ollama.exe,0.0,4.880577087402344,mixtral
2025-04-09 13:27:04,15508,ollama app.exe,0.0,0.022533416748046875,mixtral
2025-04-09 13:27:05,5652,ollama.exe,0.0,0.045429229736328125,mixtral
2025-04-09 13:27:05,7136,ollama.exe,10.6,18.629718780517578,mixtral
2025-04-09 13:27:05,8072,ollama.exe,0.0,7.613372802734375,mixtral
2025-04-09 13:27:05,13808,ollama.exe,0.0,4.880577087402344,mixtral
2025-04-09 13:27:05,15508,ollama app.exe,0.0,0.022533416748046875,mixtral
2025-04-09 13:27:06,5652,ollama.exe,0.0,0.045429229736328125,mixtral
2025-04-09 13:27:06,7136,ollama.exe,10.5,18.813312530517578,mixtral
2025-04-09 13:27:06,8072,ollama.exe,0.0,7.613372802734375,mixtral
2025-04-09 13:27:06,13808,ollama.exe,0.0,4.880577087402344,mixtral
2025-04-09 13:27:06,15508,ollama app.exe,0.0,0.022533416748046875,mixtral
2025-04-09 13:27:07,5652,ollama.exe,0.0,0.045429229736328125,mixtral
2025-04-09 13:27:07,7136,ollama.exe,8.2,18.938312530517578,mixtral
2025-04-09 13:27:07,8072,ollama.exe,0.0,7.613426208496094,mixtral
2025-04-09 13:27:08,13808,ollama.exe,0.0,4.880577087402344,mixtral
2025-04-09 13:27:08,15508,ollama app.exe,0.0,0.022533416748046875,mixtral
2025-04-09 13:27:09,5652,ollama.exe,0.0,0.045429229736328125,mixtral
2025-04-09 13:27:09,7136,ollama.exe,10.5,19.12191390991211,mixtral
2025-04-09 13:27:09,8072,ollama.exe,0.0,7.613426208496094,mixtral
2025-04-09 13:27:09,13808,ollama.exe,0.0,4.880577087402344,mixtral
2025-04-09 13:27:09,15508,ollama app.exe,0.0,0.022533416748046875,mixtral
2025-04-09 13:27:10,5652,ollama.exe,0.0,0.045429229736328125,mixtral
2025-04-09 13:27:10,7136,ollama.exe,10.5,19.30550765991211,mixtral
2025-04-09 13:27:10,8072,ollama.exe,0.0,7.613407135009766,mixtral
2025-04-09 13:27:10,13808,ollama.exe,0.0,4.880577087402344,mixtral
2025-04-09 13:27:10,15508,ollama app.exe,0.0,0.022533416748046875,mixtral
2025-04-09 13:27:11,5652,ollama.exe,1.1,0.045429229736328125,mixtral
2025-04-09 13:27:12,7136,ollama.exe,10.3,19.45657730102539,mixtral
2025-04-09 13:27:12,8072,ollama.exe,0.0,7.613407135009766,mixtral
2025-04-09 13:27:12,13808,ollama.exe,0.0,4.880577087402344,mixtral
2025-04-09 13:27:12,15508,ollama app.exe,0.0,0.022533416748046875,mixtral
2025-04-09 13:27:13,5652,ollama.exe,0.0,0.045429229736328125,mixtral
2025-04-09 13:27:13,7136,ollama.exe,8.2,19.577678680419922,mixtral
2025-04-09 13:27:13,8072,ollama.exe,0.0,7.613407135009766,mixtral
2025-04-09 13:27:13,13808,ollama.exe,0.0,4.880577087402344,mixtral
2025-04-09 13:27:13,15508,ollama app.exe,0.0,0.022533416748046875,mixtral
2025-04-09 13:27:14,5652,ollama.exe,0.0,0.045429229736328125,mixtral
2025-04-09 13:27:14,7136,ollama.exe,10.6,19.765178680419922,mixtral
2025-04-09 13:27:14,8072,ollama.exe,0.0,7.613407135009766,mixtral
2025-04-09 13:27:14,13808,ollama.exe,0.0,4.880577087402344,mixtral
2025-04-09 13:27:14,15508,ollama app.exe,0.0,0.022533416748046875,mixtral
2025-04-09 13:27:15,5652,ollama.exe,0.0,0.045429229736328125,mixtral
2025-04-09 13:27:16,7136,ollama.exe,5.8,19.886272430419922,mixtral
2025-04-09 13:27:16,8072,ollama.exe,0.0,7.613407135009766,mixtral
2025-04-09 13:27:16,13808,ollama.exe,0.0,4.880577087402344,mixtral
2025-04-09 13:27:16,15508,ollama app.exe,0.0,0.022533416748046875,mixtral
2025-04-09 13:27:17,5652,ollama.exe,1.1,0.045429229736328125,mixtral
2025-04-09 13:27:17,7136,ollama.exe,10.5,20.069889068603516,mixtral
2025-04-09 13:27:17,8072,ollama.exe,0.0,7.613407135009766,mixtral
2025-04-09 13:27:17,13808,ollama.exe,0.0,4.880577087402344,mixtral
2025-04-09 13:27:17,15508,ollama app.exe,0.0,0.022533416748046875,mixtral
2025-04-09 13:27:18,5652,ollama.exe,0.0,0.045429229736328125,mixtral
2025-04-09 13:27:18,7136,ollama.exe,12.9,20.220890045166016,mixtral
2025-04-09 13:27:18,8072,ollama.exe,0.0,7.613407135009766,mixtral
2025-04-09 13:27:18,13808,ollama.exe,0.0,4.880577087402344,mixtral
2025-04-09 13:27:18,15508,ollama app.exe,0.0,0.022533416748046875,mixtral
2025-04-09 13:27:19,5652,ollama.exe,0.0,0.045429229736328125,mixtral
2025-04-09 13:27:20,7136,ollama.exe,9.3,20.341983795166016,mixtral
2025-04-09 13:27:20,8072,ollama.exe,0.0,7.613407135009766,mixtral
2025-04-09 13:27:20,13808,ollama.exe,0.0,4.880577087402344,mixtral
2025-04-09 13:27:20,15508,ollama app.exe,0.0,0.022533416748046875,mixtral
2025-04-09 13:27:21,5652,ollama.exe,0.0,0.045429229736328125,mixtral
2025-04-09 13:27:21,7136,ollama.exe,9.3,20.52948760986328,mixtral
2025-04-09 13:27:21,8072,ollama.exe,0.0,7.613407135009766,mixtral
2025-04-09 13:27:21,13808,ollama.exe,0.0,4.880577087402344,mixtral
2025-04-09 13:27:21,15508,ollama app.exe,0.0,0.022533416748046875,mixtral
2025-04-09 13:27:22,5652,ollama.exe,0.0,0.045429229736328125,mixtral
2025-04-09 13:27:22,7136,ollama.exe,10.6,20.71310806274414,mixtral
2025-04-09 13:27:22,8072,ollama.exe,0.0,7.613407135009766,mixtral
2025-04-09 13:27:22,13808,ollama.exe,0.0,4.880577087402344,mixtral
2025-04-09 13:27:22,15508,ollama app.exe,0.0,0.022533416748046875,mixtral
2025-04-09 13:27:24,5652,ollama.exe,0.0,0.045429229736328125,mixtral
2025-04-09 13:27:24,7136,ollama.exe,6.7,20.83420181274414,mixtral
2025-04-09 13:27:24,8072,ollama.exe,0.0,7.613407135009766,mixtral
2025-04-09 13:27:24,13808,ollama.exe,0.0,4.880577087402344,mixtral
2025-04-09 13:27:24,15508,ollama app.exe,0.0,0.022533416748046875,mixtral
2025-04-09 13:27:25,5652,ollama.exe,2.3,0.045429229736328125,mixtral
2025-04-09 13:27:25,7136,ollama.exe,9.1,20.985279083251953,mixtral
2025-04-09 13:27:25,8072,ollama.exe,0.0,7.613407135009766,mixtral
2025-04-09 13:27:25,13808,ollama.exe,0.0,4.880577087402344,mixtral
2025-04-09 13:27:25,15508,ollama app.exe,0.0,0.022533416748046875,mixtral
2025-04-09 13:27:26,5652,ollama.exe,1.2,0.045429229736328125,mixtral
2025-04-09 13:27:26,7136,ollama.exe,10.5,21.168872833251953,mixtral
2025-04-09 13:27:26,8072,ollama.exe,0.0,7.613407135009766,mixtral
2025-04-09 13:27:26,13808,ollama.exe,0.0,4.880577087402344,mixtral
2025-04-09 13:27:26,15508,ollama app.exe,0.0,0.022533416748046875,mixtral
2025-04-09 13:27:28,5652,ollama.exe,0.0,0.045429229736328125,mixtral
2025-04-09 13:27:28,7136,ollama.exe,7.1,21.293872833251953,mixtral
2025-04-09 13:27:28,8072,ollama.exe,0.0,7.613407135009766,mixtral
2025-04-09 13:27:28,13808,ollama.exe,0.0,4.880577087402344,mixtral
2025-04-09 13:27:28,15508,ollama app.exe,0.0,0.022533416748046875,mixtral
2025-04-09 13:27:29,5652,ollama.exe,0.0,0.045429229736328125,mixtral
2025-04-09 13:27:29,7136,ollama.exe,11.6,21.477481842041016,mixtral
2025-04-09 13:27:29,8072,ollama.exe,0.0,7.613407135009766,mixtral
2025-04-09 13:27:29,13808,ollama.exe,0.0,4.880577087402344,mixtral
2025-04-09 13:27:29,15508,ollama app.exe,0.0,0.022533416748046875,mixtral
2025-04-09 13:27:30,5652,ollama.exe,0.0,0.045429229736328125,mixtral
2025-04-09 13:27:30,7136,ollama.exe,10.6,21.607372283935547,mixtral
2025-04-09 13:27:30,8072,ollama.exe,0.0,7.613407135009766,mixtral
2025-04-09 13:27:30,13808,ollama.exe,0.0,4.880577087402344,mixtral
2025-04-09 13:27:30,15508,ollama app.exe,0.0,0.022533416748046875,mixtral
2025-04-09 13:27:32,5652,ollama.exe,0.0,0.045429229736328125,mixtral
2025-04-09 13:27:32,7136,ollama.exe,9.2,21.812084197998047,mixtral
2025-04-09 13:27:32,8072,ollama.exe,0.0,7.613407135009766,mixtral
2025-04-09 13:27:32,13808,ollama.exe,0.0,4.880577087402344,mixtral
2025-04-09 13:27:32,15508,ollama app.exe,0.0,0.022533416748046875,mixtral
2025-04-09 13:27:33,5652,ollama.exe,1.2,0.04543304443359375,mixtral
2025-04-09 13:27:33,7136,ollama.exe,7.1,21.933197021484375,mixtral
2025-04-09 13:27:33,8072,ollama.exe,0.0,7.613407135009766,mixtral
2025-04-09 13:27:33,13808,ollama.exe,0.0,4.880577087402344,mixtral
2025-04-09 13:27:33,15508,ollama app.exe,0.0,0.022533416748046875,mixtral
2025-04-09 13:27:34,5652,ollama.exe,0.0,0.04543304443359375,mixtral
2025-04-09 13:27:34,7136,ollama.exe,9.3,22.11681365966797,mixtral
2025-04-09 13:27:34,8072,ollama.exe,0.0,7.613407135009766,mixtral
2025-04-09 13:27:34,13808,ollama.exe,0.0,4.880577087402344,mixtral
2025-04-09 13:27:34,15508,ollama app.exe,0.0,0.022533416748046875,mixtral
2025-04-09 13:27:36,5652,ollama.exe,1.1,0.041873931884765625,mixtral
2025-04-09 13:27:36,7136,ollama.exe,9.1,22.241817474365234,mixtral
2025-04-09 13:27:36,13808,ollama.exe,0.0,4.880626678466797,mixtral
2025-04-09 13:27:36,15508,ollama app.exe,0.0,0.022533416748046875,mixtral
2025-04-09 13:27:37,5652,ollama.exe,1.1,0.041873931884765625,mixtral
2025-04-09 13:27:37,7136,ollama.exe,13.8,22.451480865478516,mixtral
2025-04-09 13:27:37,13808,ollama.exe,0.0,4.880626678466797,mixtral
2025-04-09 13:27:37,15508,ollama app.exe,0.0,0.022533416748046875,mixtral
2025-04-09 13:27:38,5652,ollama.exe,0.0,0.041873931884765625,mixtral
2025-04-09 13:27:38,7136,ollama.exe,8.1,22.576488494873047,mixtral
2025-04-09 13:27:38,13808,ollama.exe,0.0,4.880626678466797,mixtral
2025-04-09 13:27:38,15508,ollama app.exe,0.0,0.022533416748046875,mixtral
2025-04-09 13:27:40,5652,ollama.exe,0.0,0.041873931884765625,mixtral
2025-04-09 13:27:40,7136,ollama.exe,10.5,22.76009750366211,mixtral
2025-04-09 13:27:40,13808,ollama.exe,0.0,4.880626678466797,mixtral
2025-04-09 13:27:40,15508,ollama app.exe,0.0,0.022533416748046875,mixtral
2025-04-09 13:27:41,5652,ollama.exe,1.2,0.041873931884765625,mixtral
2025-04-09 13:27:41,7136,ollama.exe,8.2,22.881240844726562,mixtral
2025-04-09 13:27:41,13808,ollama.exe,0.0,4.880626678466797,mixtral
2025-04-09 13:27:41,15508,ollama app.exe,0.0,0.022533416748046875,mixtral
2025-04-09 13:27:42,5652,ollama.exe,0.0,0.041873931884765625,mixtral
2025-04-09 13:27:42,7136,ollama.exe,9.3,23.068748474121094,mixtral
2025-04-09 13:27:43,13808,ollama.exe,0.0,4.880626678466797,mixtral
2025-04-09 13:27:43,15508,ollama app.exe,0.0,0.022533416748046875,mixtral
2025-04-09 13:27:44,5652,ollama.exe,0.0,0.041873931884765625,mixtral
2025-04-09 13:27:44,7136,ollama.exe,9.3,23.215843200683594,mixtral
2025-04-09 13:27:44,13808,ollama.exe,0.0,4.880626678466797,mixtral
2025-04-09 13:27:44,15508,ollama app.exe,0.0,0.022533416748046875,mixtral
2025-04-09 13:27:45,5652,ollama.exe,0.0,0.041873931884765625,mixtral
2025-04-09 13:27:45,7136,ollama.exe,8.2,23.340862274169922,mixtral
2025-04-09 13:27:45,13808,ollama.exe,0.0,4.880626678466797,mixtral
2025-04-09 13:27:45,15508,ollama app.exe,0.0,0.022533416748046875,mixtral
2025-04-09 13:27:46,5652,ollama.exe,1.1,0.041873931884765625,mixtral
2025-04-09 13:27:46,7136,ollama.exe,11.6,23.524456024169922,mixtral
2025-04-09 13:27:47,13808,ollama.exe,0.0,4.880626678466797,mixtral
2025-04-09 13:27:47,15508,ollama app.exe,0.0,0.022533416748046875,mixtral
2025-04-09 13:27:48,5652,ollama.exe,1.2,0.041873931884765625,mixtral
2025-04-09 13:27:48,7136,ollama.exe,11.6,23.708057403564453,mixtral
2025-04-09 13:27:48,13808,ollama.exe,0.0,4.880626678466797,mixtral
2025-04-09 13:27:48,15508,ollama app.exe,0.0,0.022533416748046875,mixtral
2025-04-09 13:27:49,5652,ollama.exe,0.0,0.041873931884765625,mixtral
2025-04-09 13:27:49,7136,ollama.exe,8.3,23.83307647705078,mixtral
2025-04-09 13:27:49,13808,ollama.exe,0.0,4.880626678466797,mixtral
2025-04-09 13:27:49,15508,ollama app.exe,0.0,0.022533416748046875,mixtral
2025-04-09 13:27:50,5652,ollama.exe,0.0,0.041873931884765625,mixtral
2025-04-09 13:27:50,7136,ollama.exe,10.3,23.980247497558594,mixtral
2025-04-09 13:27:51,13808,ollama.exe,0.0,4.880626678466797,mixtral
2025-04-09 13:27:51,15508,ollama app.exe,0.0,0.022533416748046875,mixtral
2025-04-09 13:27:52,5652,ollama.exe,0.0,0.041873931884765625,mixtral
2025-04-09 13:27:52,7136,ollama.exe,12.8,24.163860321044922,mixtral
2025-04-09 13:27:52,13808,ollama.exe,0.0,4.880626678466797,mixtral
2025-04-09 13:27:52,15508,ollama app.exe,0.0,0.022533416748046875,mixtral
2025-04-09 13:27:53,5652,ollama.exe,0.0,0.041873931884765625,mixtral
2025-04-09 13:27:53,7136,ollama.exe,6.8,24.288867950439453,mixtral
2025-04-09 13:27:53,13808,ollama.exe,0.0,4.880626678466797,mixtral
2025-04-09 13:27:53,15508,ollama app.exe,0.0,0.022533416748046875,mixtral
2025-04-09 13:27:55,5652,ollama.exe,0.0,0.041873931884765625,mixtral
2025-04-09 13:27:55,7136,ollama.exe,10.2,24.47247314453125,mixtral
2025-04-09 13:27:55,13808,ollama.exe,0.0,4.880626678466797,mixtral
2025-04-09 13:27:55,15508,ollama app.exe,0.0,0.022533416748046875,mixtral
2025-04-09 13:27:56,5652,ollama.exe,0.0,0.041873931884765625,mixtral
2025-04-09 13:27:56,7136,ollama.exe,9.4,24.59747314453125,mixtral
2025-04-09 13:27:56,13808,ollama.exe,0.0,4.8807373046875,mixtral
2025-04-09 13:27:56,15508,ollama app.exe,0.0,0.022533416748046875,mixtral
2025-04-09 13:27:59,5652,ollama.exe,0.0,0.04187774658203125,mixtral
2025-04-09 13:29:17,7136,ollama.exe,587.1,25.688331604003906,mixtral
2025-04-09 13:29:23,13808,ollama.exe,0.0,4.880252838134766,mixtral
2025-04-09 13:29:24,15508,ollama app.exe,0.0,0.022533416748046875,mixtral
2025-04-09 13:29:27,5652,ollama.exe,0.0,0.03801727294921875,mixtral
2025-04-09 13:29:29,7136,ollama.exe,579.8,25.688396453857422,mixtral
2025-04-09 13:29:33,15508,ollama app.exe,0.0,0.022533416748046875,mixtral
2025-04-09 13:29:40,5652,ollama.exe,0.0,0.03801727294921875,mixtral
2025-04-09 13:29:42,7136,ollama.exe,581.4,25.688396453857422,mixtral
2025-04-09 13:29:48,15508,ollama app.exe,0.0,0.022533416748046875,mixtral
2025-04-09 13:29:56,5652,ollama.exe,0.1,0.038021087646484375,llava
2025-04-09 13:29:57,7136,ollama.exe,581.3,25.688323974609375,llava
2025-04-09 13:29:57,15508,ollama app.exe,0.0,0.022533416748046875,llava
2025-04-09 13:29:58,2584,ollama.exe,0.0,0.15843963623046875,llava
2025-04-09 13:29:58,5652,ollama.exe,9.2,0.041118621826171875,llava
2025-04-09 13:29:58,7136,ollama.exe,0.0,25.688323974609375,llava
2025-04-09 13:29:58,15508,ollama app.exe,0.0,0.022533416748046875,llava
2025-04-09 13:29:59,2584,ollama.exe,11.6,0.3103675842285156,llava
2025-04-09 13:29:59,5652,ollama.exe,0.0,0.041118621826171875,llava
2025-04-09 13:29:59,7136,ollama.exe,0.0,25.688323974609375,llava
2025-04-09 13:29:59,15508,ollama app.exe,0.0,0.022533416748046875,llava
2025-04-09 13:30:00,2584,ollama.exe,10.5,0.44666290283203125,llava
2025-04-09 13:30:01,5652,ollama.exe,0.0,0.041118621826171875,llava
2025-04-09 13:30:01,7136,ollama.exe,0.0,25.688323974609375,llava
2025-04-09 13:30:01,15508,ollama app.exe,0.0,0.022533416748046875,llava
2025-04-09 13:30:02,2584,ollama.exe,10.3,0.6225051879882812,llava
2025-04-09 13:30:02,5652,ollama.exe,0.0,0.041118621826171875,llava
2025-04-09 13:30:02,7136,ollama.exe,0.0,25.688323974609375,llava
2025-04-09 13:30:02,15508,ollama app.exe,0.0,0.022533416748046875,llava
2025-04-09 13:30:03,2584,ollama.exe,9.3,0.7675247192382812,llava
2025-04-09 13:30:03,5652,ollama.exe,1.1,0.041118621826171875,llava
2025-04-09 13:30:03,7136,ollama.exe,0.0,25.688323974609375,llava
2025-04-09 13:30:03,15508,ollama app.exe,0.0,0.022533416748046875,llava
2025-04-09 13:30:04,2584,ollama.exe,10.3,0.9038238525390625,llava
2025-04-09 13:30:05,5652,ollama.exe,0.0,0.041118621826171875,llava
2025-04-09 13:30:05,7136,ollama.exe,0.0,25.688323974609375,llava
2025-04-09 13:30:05,15508,ollama app.exe,0.0,0.022533416748046875,llava
2025-04-09 13:30:06,2584,ollama.exe,11.8,1.0796699523925781,llava
2025-04-09 13:30:06,5652,ollama.exe,1.2,0.041118621826171875,llava
2025-04-09 13:30:06,7136,ollama.exe,0.0,25.688323974609375,llava
2025-04-09 13:30:06,15508,ollama app.exe,0.0,0.022533416748046875,llava
2025-04-09 13:30:07,2584,ollama.exe,13.8,1.224700927734375,llava
2025-04-09 13:30:07,5652,ollama.exe,0.0,0.041118621826171875,llava
2025-04-09 13:30:07,7136,ollama.exe,0.0,25.688323974609375,llava
2025-04-09 13:30:07,15508,ollama app.exe,0.0,0.022533416748046875,llava
2025-04-09 13:30:09,2584,ollama.exe,9.2,1.3823585510253906,llava
2025-04-09 13:30:09,5652,ollama.exe,0.0,0.041118621826171875,llava
2025-04-09 13:30:09,7136,ollama.exe,0.0,25.688323974609375,llava
2025-04-09 13:30:09,15508,ollama app.exe,0.0,0.022533416748046875,llava
2025-04-09 13:30:10,2584,ollama.exe,10.6,1.5368423461914062,llava
2025-04-09 13:30:10,5652,ollama.exe,0.0,0.041118621826171875,llava
2025-04-09 13:30:10,7136,ollama.exe,0.0,25.688323974609375,llava
2025-04-09 13:30:10,15508,ollama app.exe,0.0,0.022533416748046875,llava
2025-04-09 13:30:11,2584,ollama.exe,11.9,1.6818618774414062,llava
2025-04-09 13:30:11,5652,ollama.exe,0.0,0.041118621826171875,llava
2025-04-09 13:30:11,7136,ollama.exe,0.0,25.688323974609375,llava
2025-04-09 13:30:11,15508,ollama app.exe,0.0,0.022533416748046875,llava
2025-04-09 13:30:13,2584,ollama.exe,10.3,1.8181610107421875,llava
2025-04-09 13:30:13,5652,ollama.exe,0.0,0.041118621826171875,llava
2025-04-09 13:30:13,7136,ollama.exe,0.0,25.688323974609375,llava
2025-04-09 13:30:13,15508,ollama app.exe,0.0,0.022533416748046875,llava
2025-04-09 13:30:14,2584,ollama.exe,9.4,1.9940261840820312,llava
2025-04-09 13:30:14,5652,ollama.exe,0.0,0.041118621826171875,llava
2025-04-09 13:30:14,7136,ollama.exe,0.0,25.688323974609375,llava
2025-04-09 13:30:14,15508,ollama app.exe,0.0,0.022533416748046875,llava
2025-04-09 13:30:15,2584,ollama.exe,10.5,2.1390457153320312,llava
2025-04-09 13:30:15,5652,ollama.exe,0.0,0.04119110107421875,llava
2025-04-09 13:30:15,7136,ollama.exe,0.0,25.688323974609375,llava
2025-04-09 13:30:15,15508,ollama app.exe,0.0,0.022533416748046875,llava
2025-04-09 13:30:17,2584,ollama.exe,8.0,2.275360107421875,llava
2025-04-09 13:30:17,5652,ollama.exe,1.2,0.04119110107421875,llava
2025-04-09 13:30:17,7136,ollama.exe,0.0,25.688323974609375,llava
2025-04-09 13:30:17,15508,ollama app.exe,0.0,0.022533416748046875,llava
2025-04-09 13:30:18,2584,ollama.exe,12.8,2.4512062072753906,llava
2025-04-09 13:30:18,5652,ollama.exe,0.0,0.04119110107421875,llava
2025-04-09 13:30:18,7136,ollama.exe,0.0,25.688323974609375,llava
2025-04-09 13:30:18,15508,ollama app.exe,0.0,0.022533416748046875,llava
2025-04-09 13:30:19,2584,ollama.exe,10.3,2.596240997314453,llava
2025-04-09 13:30:19,5652,ollama.exe,0.0,0.04119110107421875,llava
2025-04-09 13:30:19,7136,ollama.exe,0.0,25.688323974609375,llava
2025-04-09 13:30:19,15508,ollama app.exe,0.0,0.022533416748046875,llava
2025-04-09 13:30:21,2584,ollama.exe,11.5,2.763294219970703,llava
2025-04-09 13:30:21,5652,ollama.exe,0.0,0.04119110107421875,llava
2025-04-09 13:30:21,7136,ollama.exe,0.0,25.688323974609375,llava
2025-04-09 13:30:21,15508,ollama app.exe,0.0,0.022533416748046875,llava
2025-04-09 13:30:22,2584,ollama.exe,8.0,2.908374786376953,llava
2025-04-09 13:30:22,5652,ollama.exe,0.0,0.04119110107421875,llava
2025-04-09 13:30:22,7136,ollama.exe,0.0,25.688323974609375,llava
2025-04-09 13:30:22,15508,ollama app.exe,0.0,0.022533416748046875,llava
2025-04-09 13:30:23,2584,ollama.exe,10.1,3.053394317626953,llava
2025-04-09 13:30:23,5652,ollama.exe,0.0,0.04119110107421875,llava
2025-04-09 13:30:24,7136,ollama.exe,0.0,25.688323974609375,llava
2025-04-09 13:30:24,15508,ollama app.exe,0.0,0.022533416748046875,llava
2025-04-09 13:30:25,2584,ollama.exe,11.6,3.2204627990722656,llava
2025-04-09 13:30:25,5652,ollama.exe,1.2,0.04119110107421875,llava
2025-04-09 13:30:25,7136,ollama.exe,0.0,25.688323974609375,llava
2025-04-09 13:30:25,15508,ollama app.exe,0.0,0.022533416748046875,llava
2025-04-09 13:30:26,2584,ollama.exe,10.5,3.3655433654785156,llava
2025-04-09 13:30:26,5652,ollama.exe,0.0,0.04119110107421875,llava
2025-04-09 13:30:26,7136,ollama.exe,0.0,25.688323974609375,llava
2025-04-09 13:30:26,15508,ollama app.exe,0.0,0.022533416748046875,llava
2025-04-09 13:30:27,2584,ollama.exe,10.5,3.5105667114257812,llava
2025-04-09 13:30:28,5652,ollama.exe,0.0,0.041225433349609375,llava
2025-04-09 13:30:28,7136,ollama.exe,0.0,25.688323974609375,llava
2025-04-09 13:30:28,15508,ollama app.exe,0.0,0.022533416748046875,llava
2025-04-09 13:30:29,2584,ollama.exe,10.5,3.6776199340820312,llava
2025-04-09 13:30:29,5652,ollama.exe,0.0,0.041225433349609375,llava
2025-04-09 13:30:29,7136,ollama.exe,0.0,25.688323974609375,llava
2025-04-09 13:30:29,15508,ollama app.exe,0.0,0.022533416748046875,llava
2025-04-09 13:30:30,2584,ollama.exe,10.3,3.822711944580078,llava
2025-04-09 13:30:30,5652,ollama.exe,0.0,0.041225433349609375,llava
2025-04-09 13:30:30,7136,ollama.exe,0.0,25.688323974609375,llava
2025-04-09 13:30:30,15508,ollama app.exe,0.0,0.022533416748046875,llava
2025-04-09 13:30:31,2584,ollama.exe,34.5,4.913547515869141,llava
2025-04-09 13:30:32,5652,ollama.exe,0.0,0.041225433349609375,llava
2025-04-09 13:30:32,7136,ollama.exe,0.0,25.688323974609375,llava
2025-04-09 13:30:32,15508,ollama app.exe,0.0,0.022533416748046875,llava
2025-04-09 13:30:33,2584,ollama.exe,15.9,5.028781890869141,llava
2025-04-09 13:30:33,5652,ollama.exe,1.1,0.041225433349609375,llava
2025-04-09 13:30:33,7136,ollama.exe,0.0,25.688323974609375,llava
2025-04-09 13:30:33,15508,ollama app.exe,0.0,0.022533416748046875,llava
2025-04-09 13:30:34,2584,ollama.exe,10.1,5.144344329833984,llava
2025-04-09 13:30:34,5652,ollama.exe,0.0,0.041225433349609375,llava
2025-04-09 13:30:34,7136,ollama.exe,0.0,25.688323974609375,llava
2025-04-09 13:30:34,15508,ollama app.exe,0.0,0.022533416748046875,llava
2025-04-09 13:30:36,2584,ollama.exe,19.3,5.255558013916016,llava
2025-04-09 13:30:36,5652,ollama.exe,0.0,0.041225433349609375,llava
2025-04-09 13:30:36,7136,ollama.exe,0.0,25.688323974609375,llava
2025-04-09 13:30:36,15508,ollama app.exe,0.0,0.022533416748046875,llava
2025-04-09 13:30:37,2584,ollama.exe,18.6,5.366893768310547,llava
2025-04-09 13:30:37,5652,ollama.exe,1.2,0.041225433349609375,llava
2025-04-09 13:30:37,7136,ollama.exe,0.0,25.688323974609375,llava
2025-04-09 13:30:37,15508,ollama app.exe,0.0,0.022533416748046875,llava
2025-04-09 13:30:39,2584,ollama.exe,317.3,5.457176208496094,llava
2025-04-09 13:31:21,5652,ollama.exe,0.0,0.04170989990234375,llava
2025-04-09 13:31:22,7136,ollama.exe,0.0,25.688289642333984,llava
2025-04-09 13:31:22,15508,ollama app.exe,0.0,0.022533416748046875,llava
2025-04-09 13:31:25,2584,ollama.exe,591.2,5.460014343261719,llava
2025-04-09 13:31:29,5652,ollama.exe,0.0,0.04170989990234375,llava
2025-04-09 13:31:30,7136,ollama.exe,0.5,25.687835693359375,llava
2025-04-09 13:31:37,15508,ollama app.exe,0.0,0.022533416748046875,llava
2025-04-09 13:31:42,2584,ollama.exe,586.8,5.460578918457031,llava
2025-04-09 13:31:45,5652,ollama.exe,0.0,0.04170989990234375,llava
2025-04-09 13:31:45,7136,ollama.exe,0.0,25.687835693359375,llava
2025-04-09 13:31:49,15508,ollama app.exe,0.0,0.022533416748046875,llava
2025-04-09 13:31:52,2584,ollama.exe,583.3,5.460578918457031,llava
2025-04-09 13:31:54,5652,ollama.exe,0.0,0.041713714599609375,
2025-04-09 13:31:54,7136,ollama.exe,0.0,25.687835693359375,
2025-04-09 13:31:54,15508,ollama app.exe,0.0,0.022533416748046875,
2025-04-09 13:31:55,2584,ollama.exe,297.2,5.460502624511719,
2025-04-09 13:31:55,5652,ollama.exe,0.0,0.041713714599609375,
2025-04-09 13:31:55,7136,ollama.exe,0.0,25.687835693359375,
2025-04-09 13:31:55,15508,ollama app.exe,0.0,0.022533416748046875,
2025-04-09 13:31:56,2584,ollama.exe,0.0,5.460502624511719,
2025-04-09 13:31:56,5652,ollama.exe,0.0,0.041713714599609375,
2025-04-09 13:31:56,7136,ollama.exe,0.0,25.687835693359375,
2025-04-09 13:31:57,15508,ollama app.exe,0.0,0.022533416748046875,
2025-04-09 13:31:58,2584,ollama.exe,0.0,5.460502624511719,
2025-04-09 13:31:58,5652,ollama.exe,0.0,0.041713714599609375,
2025-04-09 13:31:58,7136,ollama.exe,0.0,25.687835693359375,
2025-04-09 13:31:58,15508,ollama app.exe,0.0,0.022533416748046875,
2025-04-09 13:31:59,2584,ollama.exe,0.0,5.460502624511719,
2025-04-09 13:31:59,5652,ollama.exe,0.0,0.041713714599609375,
2025-04-09 13:31:59,7136,ollama.exe,0.0,25.687835693359375,
2025-04-09 13:31:59,15508,ollama app.exe,0.0,0.022533416748046875,
2025-04-09 13:32:00,2584,ollama.exe,0.0,5.460502624511719,
2025-04-09 13:32:00,5652,ollama.exe,0.0,0.041713714599609375,
2025-04-09 13:32:00,7136,ollama.exe,0.0,25.687835693359375,
2025-04-09 13:32:01,15508,ollama app.exe,0.0,0.022533416748046875,
